source_url,track_name,track_link,date,pdf_url
https://www.equibase.com/premium/eqpVchartBuy.cfm?mo=7&da=1&yr=2025&trackco=ALL;ALL&cl=Y,ASSINIBOIA DOWNS,https://www.equibase.com/premium/eqbPDFChartPlusIndex.cfm?tid=ASD&dt=07/01/2025&ctry=CAN,01-07-2025,eqbPDFChartPlus.cfm?RACE=A&BorP=P&TID=ASD&CTRY=CAN&DT=07/01/2025&DAY=D&STYLE=EQB
https://www.equibase.com/premium/eqpVchartBuy.cfm?mo=7&da=1&yr=2025&trackco=ALL;ALL&cl=Y,BELTERRA PARK,https://www.equibase.com/premium/eqbPDFChartPlusIndex.cfm?tid=BTP&dt=07/01/2025&ctry=USA,01-07-2025,eqbPDFChartPlus.cfm?RACE=A&BorP=P&TID=BTP&CTRY=USA&DT=07/01/2025&DAY=D&STYLE=EQB
https://www.equibase.com/premium/eqpVchartBuy.cfm?mo=7&da=1&yr=2025&trackco=ALL;ALL&cl=Y,FAIRMOUNT PARK,https://www.equibase.com/premium/eqbPDFChartPlusIndex.cfm?tid=FP&dt=07/01/2025&ctry=USA,01-07-2025,eqbPDFChartPlus.cfm?RACE=A&BorP=P&TID=FP&CTRY=USA&DT=07/01/2025&DAY=D&STYLE=EQB
https://www.equibase.com/premium/eqpVchartBuy.cfm?mo=7&da=1&yr=2025&trackco=ALL;ALL&cl=Y,FINGER LAKES,https://www.equibase.com/premium/eqbPDFChartPlusIndex.cfm?tid=FL&dt=07/01/2025&ctry=USA,01-07-2025,eqbPDFChartPlus.cfm?RACE=A&BorP=P&TID=FL&CTRY=USA&DT=07/01/2025&DAY=D&STYLE=EQB
https://www.equibase.com/premium/eqpVchartBuy.cfm?mo=7&da=1&yr=2025&trackco=ALL;ALL&cl=Y,FORT ERIE,https://www.equibase.com/premium/eqbPDFChartPlusIndex.cfm?tid=FE&dt=07/01/2025&ctry=CAN,01-07-2025,eqbPDFChartPlus.cfm?RACE=A&BorP=P&TID=FE&CTRY=CAN&DT=07/01/2025&DAY=D&STYLE=EQB
https://www.equibase.com/premium/eqpVchartBuy.cfm?mo=7&da=1&yr=2025&trackco=ALL;ALL&cl=Y,HASTINGS RACECOURSE,https://www.equibase.com/premium/eqbPDFChartPlusIndex.cfm?tid=HST&dt=07/01/2025&ctry=CAN,01-07-2025,eqbPDFChartPlus.cfm?RACE=A&BorP=P&TID=HST&CTRY=CAN&DT=07/01/2025&DAY=D&STYLE=EQB
https://www.equibase.com/premium/eqpVchartBuy.cfm?mo=7&da=1&yr=2025&trackco=ALL;ALL&cl=Y,HORSESHOE INDIANAPOLIS,https://www.equibase.com/premium/eqbPDFChartPlusIndex.cfm?tid=IND&dt=07/01/2025&ctry=USA,01-07-2025,eqbPDFChartPlus.cfm?RACE=A&BorP=P&TID=IND&CTRY=USA&DT=07/01/2025&DAY=D&STYLE=EQB
https://www.equibase.com/premium/eqpVchartBuy.cfm?mo=7&da=1&yr=2025&trackco=ALL;ALL&cl=Y,LOUISIANA DOWNS,https://www.equibase.com/premium/eqbPDFChartPlusIndex.cfm?tid=LAD&dt=07/01/2025&ctry=USA,01-07-2025,eqbPDFChartPlus.cfm?RACE=A&BorP=P&TID=LAD&CTRY=USA&DT=07/01/2025&DAY=D&STYLE=EQB
https://www.equibase.com/premium/eqpVchartBuy.cfm?mo=7&da=1&yr=2025&trackco=ALL;ALL&cl=Y,MILLARVILLE,https://www.equibase.com/premium/eqbPDFChartPlusIndex.cfm?tid=MIL&dt=07/01/2025&ctry=CAN,01-07-2025,eqbPDFChartPlus.cfm?RACE=A&BorP=P&TID=MIL&CTRY=CAN&DT=07/01/2025&DAY=D&STYLE=EQB
https://www.equibase.com/premium/eqpVchartBuy.cfm?mo=7&da=1&yr=2025&trackco=ALL;ALL&cl=Y,MOUNTAINEER CASINO RACETRACK & RESORT,https://www.equibase.com/premium/eqbPDFChartPlusIndex.cfm?tid=MNR&dt=07/01/2025&ctry=USA,01-07-2025,eqbPDFChartPlus.cfm?RACE=A&BorP=P&TID=MNR&CTRY=USA&DT=07/01/2025&DAY=D&STYLE=EQB
https://www.equibase.com/premium/eqpVchartBuy.cfm?mo=7&da=1&yr=2025&trackco=ALL;ALL&cl=Y,PARX RACING,https://www.equibase.com/premium/eqbPDFChartPlusIndex.cfm?tid=PRX&dt=07/01/2025&ctry=USA,01-07-2025,eqbPDFChartPlus.cfm?RACE=A&BorP=P&TID=PRX&CTRY=USA&DT=07/01/2025&DAY=D&STYLE=EQB
https://www.equibase.com/premium/eqpVchartBuy.cfm?mo=7&da=1&yr=2025&trackco=ALL;ALL&cl=Y,THISTLEDOWN,https://www.equibase.com/premium/eqbPDFChartPlusIndex.cfm?tid=TDN&dt=07/01/2025&ctry=USA,01-07-2025,eqbPDFChartPlus.cfm?RACE=A&BorP=P&TID=TDN&CTRY=USA&DT=07/01/2025&DAY=D&STYLE=EQB
https://www.equibase.com/premium/eqpVchartBuy.cfm?mo=7&da=2&yr=2025&trackco=ALL;ALL&cl=Y,AJAX DOWNS,https://www.equibase.com/premium/eqbPDFChartPlusIndex.cfm?tid=AJX&dt=07/02/2025&ctry=CAN,02-07-2025,eqbPDFChartPlus.cfm?RACE=A&BorP=P&TID=AJX&CTRY=CAN&DT=07/02/2025&DAY=D&STYLE=EQB
https://www.equibase.com/premium/eqpVchartBuy.cfm?mo=7&da=2&yr=2025&trackco=ALL;ALL&cl=Y,ASSINIBOIA DOWNS,https://www.equibase.com/premium/eqbPDFChartPlusIndex.cfm?tid=ASD&dt=07/02/2025&ctry=CAN,02-07-2025,eqbPDFChartPlus.cfm?RACE=A&BorP=P&TID=ASD&CTRY=CAN&DT=07/02/2025&DAY=D&STYLE=EQB
https://www.equibase.com/premium/eqpVchartBuy.cfm?mo=7&da=2&yr=2025&trackco=ALL;ALL&cl=Y,BELTERRA PARK,https://www.equibase.com/premium/eqbPDFChartPlusIndex.cfm?tid=BTP&dt=07/02/2025&ctry=USA,02-07-2025,eqbPDFChartPlus.cfm?RACE=A&BorP=P&TID=BTP&CTRY=USA&DT=07/02/2025&DAY=D&STYLE=EQB
https://www.equibase.com/premium/eqpVchartBuy.cfm?mo=7&da=2&yr=2025&trackco=ALL;ALL&cl=Y,CANTERBURY PARK,https://www.equibase.com/premium/eqbPDFChartPlusIndex.cfm?tid=CBY&dt=07/02/2025&ctry=USA,02-07-2025,eqbPDFChartPlus.cfm?RACE=A&BorP=P&TID=CBY&CTRY=USA&DT=07/02/2025&DAY=D&STYLE=EQB
https://www.equibase.com/premium/eqpVchartBuy.cfm?mo=7&da=2&yr=2025&trackco=ALL;ALL&cl=Y,DELAWARE PARK,https://www.equibase.com/premium/eqbPDFChartPlusIndex.cfm?tid=DEL&dt=07/02/2025&ctry=USA,02-07-2025,eqbPDFChartPlus.cfm?RACE=A&BorP=P&TID=DEL&CTRY=USA&DT=07/02/2025&DAY=D&STYLE=EQB
https://www.equibase.com/premium/eqpVchartBuy.cfm?mo=7&da=2&yr=2025&trackco=ALL;ALL&cl=Y,DELTA DOWNS,https://www.equibase.com/premium/eqbPDFChartPlusIndex.cfm?tid=DED&dt=07/02/2025&ctry=USA,02-07-2025,eqbPDFChartPlus.cfm?RACE=A&BorP=P&TID=DED&CTRY=USA&DT=07/02/2025&DAY=D&STYLE=EQB
https://www.equibase.com/premium/eqpVchartBuy.cfm?mo=7&da=2&yr=2025&trackco=ALL;ALL&cl=Y,FAIR MEADOWS,https://www.equibase.com/premium/eqbPDFChartPlusIndex.cfm?tid=FMT&dt=07/02/2025&ctry=USA,02-07-2025,eqbPDFChartPlus.cfm?RACE=A&BorP=P&TID=FMT&CTRY=USA&DT=07/02/2025&DAY=D&STYLE=EQB
https://www.equibase.com/premium/eqpVchartBuy.cfm?mo=7&da=2&yr=2025&trackco=ALL;ALL&cl=Y,FINGER LAKES,https://www.equibase.com/premium/eqbPDFChartPlusIndex.cfm?tid=FL&dt=07/02/2025&ctry=USA,02-07-2025,eqbPDFChartPlus.cfm?RACE=A&BorP=P&TID=FL&CTRY=USA&DT=07/02/2025&DAY=D&STYLE=EQB
https://www.equibase.com/premium/eqpVchartBuy.cfm?mo=7&da=2&yr=2025&trackco=ALL;ALL&cl=Y,HORSESHOE INDIANAPOLIS,https://www.equibase.com/premium/eqbPDFChartPlusIndex.cfm?tid=IND&dt=07/02/2025&ctry=USA,02-07-2025,eqbPDFChartPlus.cfm?RACE=A&BorP=P&TID=IND&CTRY=USA&DT=07/02/2025&DAY=D&STYLE=EQB
https://www.equibase.com/premium/eqpVchartBuy.cfm?mo=7&da=2&yr=2025&trackco=ALL;ALL&cl=Y,MOUNTAINEER CASINO RACETRACK & RESORT,https://www.equibase.com/premium/eqbPDFChartPlusIndex.cfm?tid=MNR&dt=07/02/2025&ctry=USA,02-07-2025,eqbPDFChartPlus.cfm?RACE=A&BorP=P&TID=MNR&CTRY=USA&DT=07/02/2025&DAY=D&STYLE=EQB
https://www.equibase.com/premium/eqpVchartBuy.cfm?mo=7&da=2&yr=2025&trackco=ALL;ALL&cl=Y,PARX RACING,https://www.equibase.com/premium/eqbPDFChartPlusIndex.cfm?tid=PRX&dt=07/02/2025&ctry=USA,02-07-2025,eqbPDFChartPlus.cfm?RACE=A&BorP=P&TID=PRX&CTRY=USA&DT=07/02/2025&DAY=D&STYLE=EQB
https://www.equibase.com/premium/eqpVchartBuy.cfm?mo=7&da=2&yr=2025&trackco=ALL;ALL&cl=Y,PRESQUE ISLE DOWNS,https://www.equibase.com/premium/eqbPDFChartPlusIndex.cfm?tid=PID&dt=07/02/2025&ctry=USA,02-07-2025,eqbPDFChartPlus.cfm?RACE=A&BorP=P&TID=PID&CTRY=USA&DT=07/02/2025&DAY=D&STYLE=EQB
https://www.equibase.com/premium/eqpVchartBuy.cfm?mo=7&da=2&yr=2025&trackco=ALL;ALL&cl=Y,RETAMA PARK,https://www.equibase.com/premium/eqbPDFChartPlusIndex.cfm?tid=RET&dt=07/02/2025&ctry=USA,02-07-2025,eqbPDFChartPlus.cfm?RACE=A&BorP=P&TID=RET&CTRY=USA&DT=07/02/2025&DAY=D&STYLE=EQB
https://www.equibase.com/premium/eqpVchartBuy.cfm?mo=7&da=2&yr=2025&trackco=ALL;ALL&cl=Y,THISTLEDOWN,https://www.equibase.com/premium/eqbPDFChartPlusIndex.cfm?tid=TDN&dt=07/02/2025&ctry=USA,02-07-2025,eqbPDFChartPlus.cfm?RACE=A&BorP=P&TID=TDN&CTRY=USA&DT=07/02/2025&DAY=D&STYLE=EQB
https://www.equibase.com/premium/eqpVchartBuy.cfm?mo=7&da=3&yr=2025&trackco=ALL;ALL&cl=Y,BELTERRA PARK,https://www.equibase.com/premium/eqbPDFChartPlusIndex.cfm?tid=BTP&dt=07/03/2025&ctry=USA,03-07-2025,eqbPDFChartPlus.cfm?RACE=A&BorP=P&TID=BTP&CTRY=USA&DT=07/03/2025&DAY=D&STYLE=EQB
https://www.equibase.com/premium/eqpVchartBuy.cfm?mo=7&da=3&yr=2025&trackco=ALL;ALL&cl=Y,CAMARERO RACE TRACK,https://www.equibase.com/premium/eqbPDFChartPlusIndex.cfm?tid=CMR&dt=07/03/2025&ctry=PR,03-07-2025,eqbPDFChartPlus.cfm?RACE=A&BorP=P&TID=CMR&CTRY=PR&DT=07/03/2025&DAY=D&STYLE=EQB
https://www.equibase.com/premium/eqpVchartBuy.cfm?mo=7&da=3&yr=2025&trackco=ALL;ALL&cl=Y,CANTERBURY PARK,https://www.equibase.com/premium/eqbPDFChartPlusIndex.cfm?tid=CBY&dt=07/03/2025&ctry=USA,03-07-2025,eqbPDFChartPlus.cfm?RACE=A&BorP=P&TID=CBY&CTRY=USA&DT=07/03/2025&DAY=D&STYLE=EQB
https://www.equibase.com/premium/eqpVchartBuy.cfm?mo=7&da=3&yr=2025&trackco=ALL;ALL&cl=Y,DELAWARE PARK,https://www.equibase.com/premium/eqbPDFChartPlusIndex.cfm?tid=DEL&dt=07/03/2025&ctry=USA,03-07-2025,eqbPDFChartPlus.cfm?RACE=A&BorP=P&TID=DEL&CTRY=USA&DT=07/03/2025&DAY=D&STYLE=EQB
https://www.equibase.com/premium/eqpVchartBuy.cfm?mo=7&da=3&yr=2025&trackco=ALL;ALL&cl=Y,DELTA DOWNS,https://www.equibase.com/premium/eqbPDFChartPlusIndex.cfm?tid=DED&dt=07/03/2025&ctry=USA,03-07-2025,eqbPDFChartPlus.cfm?RACE=A&BorP=P&TID=DED&CTRY=USA&DT=07/03/2025&DAY=D&STYLE=EQB
https://www.equibase.com/premium/eqpVchartBuy.cfm?mo=7&da=3&yr=2025&trackco=ALL;ALL&cl=Y,ELLIS PARK,https://www.equibase.com/premium/eqbPDFChartPlusIndex.cfm?tid=ELP&dt=07/03/2025&ctry=USA,03-07-2025,eqbPDFChartPlus.cfm?RACE=A&BorP=P&TID=ELP&CTRY=USA&DT=07/03/2025&DAY=D&STYLE=EQB
https://www.equibase.com/premium/eqpVchartBuy.cfm?mo=7&da=3&yr=2025&trackco=ALL;ALL&cl=Y,EMERALD DOWNS,https://www.equibase.com/premium/eqbPDFChartPlusIndex.cfm?tid=EMD&dt=07/03/2025&ctry=USA,03-07-2025,eqbPDFChartPlus.cfm?RACE=A&BorP=P&TID=EMD&CTRY=USA&DT=07/03/2025&DAY=D&STYLE=EQB
https://www.equibase.com/premium/eqpVchartBuy.cfm?mo=7&da=3&yr=2025&trackco=ALL;ALL&cl=Y,EVANGELINE DOWNS,https://www.equibase.com/premium/eqbPDFChartPlusIndex.cfm?tid=EVD&dt=07/03/2025&ctry=USA,03-07-2025,eqbPDFChartPlus.cfm?RACE=A&BorP=P&TID=EVD&CTRY=USA&DT=07/03/2025&DAY=D&STYLE=EQB
https://www.equibase.com/premium/eqpVchartBuy.cfm?mo=7&da=3&yr=2025&trackco=ALL;ALL&cl=Y,FAIR MEADOWS,https://www.equibase.com/premium/eqbPDFChartPlusIndex.cfm?tid=FMT&dt=07/03/2025&ctry=USA,03-07-2025,eqbPDFChartPlus.cfm?RACE=A&BorP=P&TID=FMT&CTRY=USA&DT=07/03/2025&DAY=D&STYLE=EQB
https://www.equibase.com/premium/eqpVchartBuy.cfm?mo=7&da=3&yr=2025&trackco=ALL;ALL&cl=Y,HAWTHORNE,https://www.equibase.com/premium/eqbPDFChartPlusIndex.cfm?tid=HAW&dt=07/03/2025&ctry=USA,03-07-2025,eqbPDFChartPlus.cfm?RACE=A&BorP=P&TID=HAW&CTRY=USA&DT=07/03/2025&DAY=D&STYLE=EQB
https://www.equibase.com/premium/eqpVchartBuy.cfm?mo=7&da=3&yr=2025&trackco=ALL;ALL&cl=Y,HOLLYWOOD CASINO AT CHARLES TOWN RACES,https://www.equibase.com/premium/eqbPDFChartPlusIndex.cfm?tid=CT&dt=07/03/2025&ctry=USA,03-07-2025,eqbPDFChartPlus.cfm?RACE=A&BorP=P&TID=CT&CTRY=USA&DT=07/03/2025&DAY=D&STYLE=EQB
https://www.equibase.com/premium/eqpVchartBuy.cfm?mo=7&da=3&yr=2025&trackco=ALL;ALL&cl=Y,HORSESHOE INDIANAPOLIS,https://www.equibase.com/premium/eqbPDFChartPlusIndex.cfm?tid=IND&dt=07/03/2025&ctry=USA,03-07-2025,eqbPDFChartPlus.cfm?RACE=A&BorP=P&TID=IND&CTRY=USA&DT=07/03/2025&DAY=D&STYLE=EQB
https://www.equibase.com/premium/eqpVchartBuy.cfm?mo=7&da=3&yr=2025&trackco=ALL;ALL&cl=Y,LONE STAR PARK,https://www.equibase.com/premium/eqbPDFChartPlusIndex.cfm?tid=LS&dt=07/03/2025&ctry=USA,03-07-2025,eqbPDFChartPlus.cfm?RACE=A&BorP=P&TID=LS&CTRY=USA&DT=07/03/2025&DAY=D&STYLE=EQB
https://www.equibase.com/premium/eqpVchartBuy.cfm?mo=7&da=3&yr=2025&trackco=ALL;ALL&cl=Y,PENN NATIONAL,https://www.equibase.com/premium/eqbPDFChartPlusIndex.cfm?tid=PEN&dt=07/03/2025&ctry=USA,03-07-2025,eqbPDFChartPlus.cfm?RACE=A&BorP=P&TID=PEN&CTRY=USA&DT=07/03/2025&DAY=D&STYLE=EQB
https://www.equibase.com/premium/eqpVchartBuy.cfm?mo=7&da=3&yr=2025&trackco=ALL;ALL&cl=Y,PRAIRIE MEADOWS,https://www.equibase.com/premium/eqbPDFChartPlusIndex.cfm?tid=PRM&dt=07/03/2025&ctry=USA,03-07-2025,eqbPDFChartPlus.cfm?RACE=A&BorP=P&TID=PRM&CTRY=USA&DT=07/03/2025&DAY=D&STYLE=EQB
https://www.equibase.com/premium/eqpVchartBuy.cfm?mo=7&da=3&yr=2025&trackco=ALL;ALL&cl=Y,PRESQUE ISLE DOWNS,https://www.equibase.com/premium/eqbPDFChartPlusIndex.cfm?tid=PID&dt=07/03/2025&ctry=USA,03-07-2025,eqbPDFChartPlus.cfm?RACE=A&BorP=P&TID=PID&CTRY=USA&DT=07/03/2025&DAY=D&STYLE=EQB
https://www.equibase.com/premium/eqpVchartBuy.cfm?mo=7&da=3&yr=2025&trackco=ALL;ALL&cl=Y,RETAMA PARK,https://www.equibase.com/premium/eqbPDFChartPlusIndex.cfm?tid=RET&dt=07/03/2025&ctry=USA,03-07-2025,eqbPDFChartPlus.cfm?RACE=A&BorP=P&TID=RET&CTRY=USA&DT=07/03/2025&DAY=D&STYLE=EQB
https://www.equibase.com/premium/eqpVchartBuy.cfm?mo=7&da=3&yr=2025&trackco=ALL;ALL&cl=Y,SARATOGA,https://www.equibase.com/premium/eqbPDFChartPlusIndex.cfm?tid=SAR&dt=07/03/2025&ctry=USA,03-07-2025,eqbPDFChartPlus.cfm?RACE=A&BorP=P&TID=SAR&CTRY=USA&DT=07/03/2025&DAY=D&STYLE=EQB
https://www.equibase.com/premium/eqpVchartBuy.cfm?mo=7&da=3&yr=2025&trackco=ALL;ALL&cl=Y,THISTLEDOWN,https://www.equibase.com/premium/eqbPDFChartPlusIndex.cfm?tid=TDN&dt=07/03/2025&ctry=USA,03-07-2025,eqbPDFChartPlus.cfm?RACE=A&BorP=P&TID=TDN&CTRY=USA&DT=07/03/2025&DAY=D&STYLE=EQB
https://www.equibase.com/premium/eqpVchartBuy.cfm?mo=7&da=3&yr=2025&trackco=ALL;ALL&cl=Y,WOODBINE,https://www.equibase.com/premium/eqbPDFChartPlusIndex.cfm?tid=WO&dt=07/03/2025&ctry=CAN,03-07-2025,eqbPDFChartPlus.cfm?RACE=A&BorP=P&TID=WO&CTRY=CAN&DT=07/03/2025&DAY=D&STYLE=EQB
https://www.equibase.com/premium/eqpVchartBuy.cfm?mo=7&da=4&yr=2025&trackco=ALL;ALL&cl=Y,BELTERRA PARK,https://www.equibase.com/premium/eqbPDFChartPlusIndex.cfm?tid=BTP&dt=07/04/2025&ctry=USA,04-07-2025,eqbPDFChartPlus.cfm?RACE=A&BorP=P&TID=BTP&CTRY=USA&DT=07/04/2025&DAY=D&STYLE=EQB
https://www.equibase.com/premium/eqpVchartBuy.cfm?mo=7&da=4&yr=2025&trackco=ALL;ALL&cl=Y,CAMARERO RACE TRACK,https://www.equibase.com/premium/eqbPDFChartPlusIndex.cfm?tid=CMR&dt=07/04/2025&ctry=PR,04-07-2025,eqbPDFChartPlus.cfm?RACE=A&BorP=P&TID=CMR&CTRY=PR&DT=07/04/2025&DAY=D&STYLE=EQB
https://www.equibase.com/premium/eqpVchartBuy.cfm?mo=7&da=4&yr=2025&trackco=ALL;ALL&cl=Y,CANTERBURY PARK,https://www.equibase.com/premium/eqbPDFChartPlusIndex.cfm?tid=CBY&dt=07/04/2025&ctry=USA,04-07-2025,eqbPDFChartPlus.cfm?RACE=A&BorP=P&TID=CBY&CTRY=USA&DT=07/04/2025&DAY=D&STYLE=EQB
https://www.equibase.com/premium/eqpVchartBuy.cfm?mo=7&da=4&yr=2025&trackco=ALL;ALL&cl=Y,CENTURY MILE,https://www.equibase.com/premium/eqbPDFChartPlusIndex.cfm?tid=CTM&dt=07/04/2025&ctry=CAN,04-07-2025,eqbPDFChartPlus.cfm?RACE=A&BorP=P&TID=CTM&CTRY=CAN&DT=07/04/2025&DAY=D&STYLE=EQB
https://www.equibase.com/premium/eqpVchartBuy.cfm?mo=7&da=4&yr=2025&trackco=ALL;ALL&cl=Y,DELAWARE PARK,https://www.equibase.com/premium/eqbPDFChartPlusIndex.cfm?tid=DEL&dt=07/04/2025&ctry=USA,04-07-2025,eqbPDFChartPlus.cfm?RACE=A&BorP=P&TID=DEL&CTRY=USA&DT=07/04/2025&DAY=D&STYLE=EQB
https://www.equibase.com/premium/eqpVchartBuy.cfm?mo=7&da=4&yr=2025&trackco=ALL;ALL&cl=Y,DELTA DOWNS,https://www.equibase.com/premium/eqbPDFChartPlusIndex.cfm?tid=DED&dt=07/04/2025&ctry=USA,04-07-2025,eqbPDFChartPlus.cfm?RACE=A&BorP=P&TID=DED&CTRY=USA&DT=07/04/2025&DAY=D&STYLE=EQB
https://www.equibase.com/premium/eqpVchartBuy.cfm?mo=7&da=4&yr=2025&trackco=ALL;ALL&cl=Y,ELLIS PARK,https://www.equibase.com/premium/eqbPDFChartPlusIndex.cfm?tid=ELP&dt=07/04/2025&ctry=USA,04-07-2025,eqbPDFChartPlus.cfm?RACE=A&BorP=P&TID=ELP&CTRY=USA&DT=07/04/2025&DAY=D&STYLE=EQB
https://www.equibase.com/premium/eqpVchartBuy.cfm?mo=7&da=4&yr=2025&trackco=ALL;ALL&cl=Y,EVANGELINE DOWNS,https://www.equibase.com/premium/eqbPDFChartPlusIndex.cfm?tid=EVD&dt=07/04/2025&ctry=USA,04-07-2025,eqbPDFChartPlus.cfm?RACE=A&BorP=P&TID=EVD&CTRY=USA&DT=07/04/2025&DAY=D&STYLE=EQB
https://www.equibase.com/premium/eqpVchartBuy.cfm?mo=7&da=4&yr=2025&trackco=ALL;ALL&cl=Y,GRANTS PASS,https://www.equibase.com/premium/eqbPDFChartPlusIndex.cfm?tid=GRP&dt=07/04/2025&ctry=USA,04-07-2025,eqbPDFChartPlus.cfm?RACE=A&BorP=P&TID=GRP&CTRY=USA&DT=07/04/2025&DAY=D&STYLE=EQB
https://www.equibase.com/premium/eqpVchartBuy.cfm?mo=7&da=4&yr=2025&trackco=ALL;ALL&cl=Y,GULFSTREAM PARK,https://www.equibase.com/premium/eqbPDFChartPlusIndex.cfm?tid=GP&dt=07/04/2025&ctry=USA,04-07-2025,eqbPDFChartPlus.cfm?RACE=A&BorP=P&TID=GP&CTRY=USA&DT=07/04/2025&DAY=D&STYLE=EQB
https://www.equibase.com/premium/eqpVchartBuy.cfm?mo=7&da=4&yr=2025&trackco=ALL;ALL&cl=Y,HARRAH'S COLUMBUS NEBRASKA,https://www.equibase.com/premium/eqbPDFChartPlusIndex.cfm?tid=HCN&dt=07/04/2025&ctry=USA,04-07-2025,eqbPDFChartPlus.cfm?RACE=A&BorP=P&TID=HCN&CTRY=USA&DT=07/04/2025&DAY=D&STYLE=EQB
https://www.equibase.com/premium/eqpVchartBuy.cfm?mo=7&da=4&yr=2025&trackco=ALL;ALL&cl=Y,HORSESHOE INDIANAPOLIS,https://www.equibase.com/premium/eqbPDFChartPlusIndex.cfm?tid=IND&dt=07/04/2025&ctry=USA,04-07-2025,eqbPDFChartPlus.cfm?RACE=A&BorP=P&TID=IND&CTRY=USA&DT=07/04/2025&DAY=D&STYLE=EQB
https://www.equibase.com/premium/eqpVchartBuy.cfm?mo=7&da=4&yr=2025&trackco=ALL;ALL&cl=Y,LONE STAR PARK,https://www.equibase.com/premium/eqbPDFChartPlusIndex.cfm?tid=LS&dt=07/04/2025&ctry=USA,04-07-2025,eqbPDFChartPlus.cfm?RACE=A&BorP=P&TID=LS&CTRY=USA&DT=07/04/2025&DAY=D&STYLE=EQB
https://www.equibase.com/premium/eqpVchartBuy.cfm?mo=7&da=4&yr=2025&trackco=ALL;ALL&cl=Y,LOS ALAMITOS RACE COURSE,https://www.equibase.com/premium/eqbPDFChartPlusIndex.cfm?tid=LRC&dt=07/04/2025&ctry=USA,04-07-2025,eqbPDFChartPlus.cfm?RACE=A&BorP=P&TID=LRC&CTRY=USA&DT=07/04/2025&DAY=D&STYLE=EQB
https://www.equibase.com/premium/eqpVchartBuy.cfm?mo=7&da=4&yr=2025&trackco=ALL;ALL&cl=Y,LOUISIANA DOWNS,https://www.equibase.com/premium/eqbPDFChartPlusIndex.cfm?tid=LAD&dt=07/04/2025&ctry=USA,04-07-2025,eqbPDFChartPlus.cfm?RACE=A&BorP=P&TID=LAD&CTRY=USA&DT=07/04/2025&DAY=D&STYLE=EQB
https://www.equibase.com/premium/eqpVchartBuy.cfm?mo=7&da=4&yr=2025&trackco=ALL;ALL&cl=Y,MONMOUTH PARK,https://www.equibase.com/premium/eqbPDFChartPlusIndex.cfm?tid=MTH&dt=07/04/2025&ctry=USA,04-07-2025,eqbPDFChartPlus.cfm?RACE=A&BorP=P&TID=MTH&CTRY=USA&DT=07/04/2025&DAY=D&STYLE=EQB
https://www.equibase.com/premium/eqpVchartBuy.cfm?mo=7&da=4&yr=2025&trackco=ALL;ALL&cl=Y,PENN NATIONAL,https://www.equibase.com/premium/eqbPDFChartPlusIndex.cfm?tid=PEN&dt=07/04/2025&ctry=USA,04-07-2025,eqbPDFChartPlus.cfm?RACE=A&BorP=P&TID=PEN&CTRY=USA&DT=07/04/2025&DAY=D&STYLE=EQB
https://www.equibase.com/premium/eqpVchartBuy.cfm?mo=7&da=4&yr=2025&trackco=ALL;ALL&cl=Y,PRAIRIE MEADOWS,https://www.equibase.com/premium/eqbPDFChartPlusIndex.cfm?tid=PRM&dt=07/04/2025&ctry=USA,04-07-2025,eqbPDFChartPlus.cfm?RACE=A&BorP=P&TID=PRM&CTRY=USA&DT=07/04/2025&DAY=D&STYLE=EQB
https://www.equibase.com/premium/eqpVchartBuy.cfm?mo=7&da=4&yr=2025&trackco=ALL;ALL&cl=Y,PRESQUE ISLE DOWNS,https://www.equibase.com/premium/eqbPDFChartPlusIndex.cfm?tid=PID&dt=07/04/2025&ctry=USA,04-07-2025,eqbPDFChartPlus.cfm?RACE=A&BorP=P&TID=PID&CTRY=USA&DT=07/04/2025&DAY=D&STYLE=EQB
https://www.equibase.com/premium/eqpVchartBuy.cfm?mo=7&da=4&yr=2025&trackco=ALL;ALL&cl=Y,RETAMA PARK,https://www.equibase.com/premium/eqbPDFChartPlusIndex.cfm?tid=RET&dt=07/04/2025&ctry=USA,04-07-2025,eqbPDFChartPlus.cfm?RACE=A&BorP=P&TID=RET&CTRY=USA&DT=07/04/2025&DAY=D&STYLE=EQB
https://www.equibase.com/premium/eqpVchartBuy.cfm?mo=7&da=4&yr=2025&trackco=ALL;ALL&cl=Y,RUIDOSO DOWNS,https://www.equibase.com/premium/eqbPDFChartPlusIndex.cfm?tid=RUI&dt=07/04/2025&ctry=USA,04-07-2025,eqbPDFChartPlus.cfm?RACE=A&BorP=P&TID=RUI&CTRY=USA&DT=07/04/2025&DAY=D&STYLE=EQB
https://www.equibase.com/premium/eqpVchartBuy.cfm?mo=7&da=4&yr=2025&trackco=ALL;ALL&cl=Y,SARATOGA,https://www.equibase.com/premium/eqbPDFChartPlusIndex.cfm?tid=SAR&dt=07/04/2025&ctry=USA,04-07-2025,eqbPDFChartPlus.cfm?RACE=A&BorP=P&TID=SAR&CTRY=USA&DT=07/04/2025&DAY=D&STYLE=EQB
https://www.equibase.com/premium/eqpVchartBuy.cfm?mo=7&da=4&yr=2025&trackco=ALL;ALL&cl=Y,WOODBINE,https://www.equibase.com/premium/eqbPDFChartPlusIndex.cfm?tid=WO&dt=07/04/2025&ctry=CAN,04-07-2025,eqbPDFChartPlus.cfm?RACE=A&BorP=P&TID=WO&CTRY=CAN&DT=07/04/2025&DAY=D&STYLE=EQB
https://www.equibase.com/premium/eqpVchartBuy.cfm?mo=7&da=4&yr=2025&trackco=ALL;ALL&cl=Y,WYOMING DOWNS,https://www.equibase.com/premium/eqbPDFChartPlusIndex.cfm?tid=WYO&dt=07/04/2025&ctry=USA,04-07-2025,eqbPDFChartPlus.cfm?RACE=A&BorP=P&TID=WYO&CTRY=USA&DT=07/04/2025&DAY=D&STYLE=EQB
https://www.equibase.com/premium/eqpVchartBuy.cfm?mo=7&da=5&yr=2025&trackco=ALL;ALL&cl=Y,BELTERRA PARK,https://www.equibase.com/premium/eqbPDFChartPlusIndex.cfm?tid=BTP&dt=07/05/2025&ctry=USA,05-07-2025,https://www.equibase.com/static/chart/pdf/BTP070525USA.pdf
https://www.equibase.com/premium/eqpVchartBuy.cfm?mo=7&da=5&yr=2025&trackco=ALL;ALL&cl=Y,CAMARERO RACE TRACK,https://www.equibase.com/premium/eqbPDFChartPlusIndex.cfm?tid=CMR&dt=07/05/2025&ctry=PR,05-07-2025,https://www.equibase.com/static/chart/pdf/CMR070525PR.pdf
https://www.equibase.com/premium/eqpVchartBuy.cfm?mo=7&da=5&yr=2025&trackco=ALL;ALL&cl=Y,CANTERBURY PARK,https://www.equibase.com/premium/eqbPDFChartPlusIndex.cfm?tid=CBY&dt=07/05/2025&ctry=USA,05-07-2025,https://www.equibase.com/static/chart/pdf/CBY070525USA.pdf
https://www.equibase.com/premium/eqpVchartBuy.cfm?mo=7&da=5&yr=2025&trackco=ALL;ALL&cl=Y,CENTURY MILE,https://www.equibase.com/premium/eqbPDFChartPlusIndex.cfm?tid=CTM&dt=07/05/2025&ctry=CAN,05-07-2025,https://www.equibase.com/static/chart/pdf/CTM070525CAN.pdf
https://www.equibase.com/premium/eqpVchartBuy.cfm?mo=7&da=5&yr=2025&trackco=ALL;ALL&cl=Y,DELAWARE PARK,https://www.equibase.com/premium/eqbPDFChartPlusIndex.cfm?tid=DEL&dt=07/05/2025&ctry=USA,05-07-2025,https://www.equibase.com/static/chart/pdf/DEL070525USA.pdf
https://www.equibase.com/premium/eqpVchartBuy.cfm?mo=7&da=5&yr=2025&trackco=ALL;ALL&cl=Y,DELTA DOWNS,https://www.equibase.com/premium/eqbPDFChartPlusIndex.cfm?tid=DED&dt=07/05/2025&ctry=USA,05-07-2025,https://www.equibase.com/static/chart/pdf/DED070525USA.pdf
https://www.equibase.com/premium/eqpVchartBuy.cfm?mo=7&da=5&yr=2025&trackco=ALL;ALL&cl=Y,ELLIS PARK,https://www.equibase.com/premium/eqbPDFChartPlusIndex.cfm?tid=ELP&dt=07/05/2025&ctry=USA,05-07-2025,https://www.equibase.com/static/chart/pdf/ELP070525USA.pdf
https://www.equibase.com/premium/eqpVchartBuy.cfm?mo=7&da=5&yr=2025&trackco=ALL;ALL&cl=Y,EVANGELINE DOWNS,https://www.equibase.com/premium/eqbPDFChartPlusIndex.cfm?tid=EVD&dt=07/05/2025&ctry=USA,05-07-2025,https://www.equibase.com/static/chart/pdf/EVD070525USA.pdf
https://www.equibase.com/premium/eqpVchartBuy.cfm?mo=7&da=5&yr=2025&trackco=ALL;ALL&cl=Y,FAIR MEADOWS,https://www.equibase.com/premium/eqbPDFChartPlusIndex.cfm?tid=FMT&dt=07/05/2025&ctry=USA,05-07-2025,https://www.equibase.com/static/chart/pdf/FMT070525USA.pdf
https://www.equibase.com/premium/eqpVchartBuy.cfm?mo=7&da=5&yr=2025&trackco=ALL;ALL&cl=Y,FAIRMOUNT PARK,https://www.equibase.com/premium/eqbPDFChartPlusIndex.cfm?tid=FP&dt=07/05/2025&ctry=USA,05-07-2025,https://www.equibase.com/static/chart/pdf/FP070525USA.pdf
https://www.equibase.com/premium/eqpVchartBuy.cfm?mo=7&da=5&yr=2025&trackco=ALL;ALL&cl=Y,GILLESPIE COUNTY FAIRGROUND,https://www.equibase.com/premium/eqbPDFChartPlusIndex.cfm?tid=GIL&dt=07/05/2025&ctry=USA,05-07-2025,https://www.equibase.com/static/chart/pdf/GIL070525USA.pdf
https://www.equibase.com/premium/eqpVchartBuy.cfm?mo=7&da=5&yr=2025&trackco=ALL;ALL&cl=Y,GRANTS PASS,https://www.equibase.com/premium/eqbPDFChartPlusIndex.cfm?tid=GRP&dt=07/05/2025&ctry=USA,05-07-2025,https://www.equibase.com/static/chart/pdf/GRP070525USA.pdf
https://www.equibase.com/premium/eqpVchartBuy.cfm?mo=7&da=5&yr=2025&trackco=ALL;ALL&cl=Y,GULFSTREAM PARK,https://www.equibase.com/premium/eqbPDFChartPlusIndex.cfm?tid=GP&dt=07/05/2025&ctry=USA,05-07-2025,https://www.equibase.com/static/chart/pdf/GP070525USA.pdf
https://www.equibase.com/premium/eqpVchartBuy.cfm?mo=7&da=5&yr=2025&trackco=ALL;ALL&cl=Y,HARRAH'S COLUMBUS NEBRASKA,https://www.equibase.com/premium/eqbPDFChartPlusIndex.cfm?tid=HCN&dt=07/05/2025&ctry=USA,05-07-2025,https://www.equibase.com/static/chart/pdf/HCN070525USA.pdf
https://www.equibase.com/premium/eqpVchartBuy.cfm?mo=7&da=5&yr=2025&trackco=ALL;ALL&cl=Y,HASTINGS RACECOURSE,https://www.equibase.com/premium/eqbPDFChartPlusIndex.cfm?tid=HST&dt=07/05/2025&ctry=CAN,05-07-2025,https://www.equibase.com/static/chart/pdf/HST070525CAN.pdf
https://www.equibase.com/premium/eqpVchartBuy.cfm?mo=7&da=5&yr=2025&trackco=ALL;ALL&cl=Y,HOLLYWOOD CASINO AT CHARLES TOWN RACES,https://www.equibase.com/premium/eqbPDFChartPlusIndex.cfm?tid=CT&dt=07/05/2025&ctry=USA,05-07-2025,https://www.equibase.com/static/chart/pdf/CT070525USA.pdf
https://www.equibase.com/premium/eqpVchartBuy.cfm?mo=7&da=5&yr=2025&trackco=ALL;ALL&cl=Y,HORSESHOE INDIANAPOLIS,https://www.equibase.com/premium/eqbPDFChartPlusIndex.cfm?tid=IND&dt=07/05/2025&ctry=USA,05-07-2025,https://www.equibase.com/static/chart/pdf/IND070525USA.pdf
https://www.equibase.com/premium/eqpVchartBuy.cfm?mo=7&da=5&yr=2025&trackco=ALL;ALL&cl=Y,LONE STAR PARK,https://www.equibase.com/premium/eqbPDFChartPlusIndex.cfm?tid=LS&dt=07/05/2025&ctry=USA,05-07-2025,https://www.equibase.com/static/chart/pdf/LS070525USA.pdf
https://www.equibase.com/premium/eqpVchartBuy.cfm?mo=7&da=5&yr=2025&trackco=ALL;ALL&cl=Y,LOS ALAMITOS,https://www.equibase.com/premium/eqbPDFChartPlusIndex.cfm?tid=LA&dt=07/05/2025&ctry=USA,05-07-2025,https://www.equibase.com/static/chart/pdf/LA070525USA.pdf
https://www.equibase.com/premium/eqpVchartBuy.cfm?mo=7&da=5&yr=2025&trackco=ALL;ALL&cl=Y,LOS ALAMITOS RACE COURSE,https://www.equibase.com/premium/eqbPDFChartPlusIndex.cfm?tid=LRC&dt=07/05/2025&ctry=USA,05-07-2025,https://www.equibase.com/static/chart/pdf/LRC070525USA.pdf
https://www.equibase.com/premium/eqpVchartBuy.cfm?mo=7&da=5&yr=2025&trackco=ALL;ALL&cl=Y,LOUISIANA DOWNS,https://www.equibase.com/premium/eqbPDFChartPlusIndex.cfm?tid=LAD&dt=07/05/2025&ctry=USA,05-07-2025,https://www.equibase.com/static/chart/pdf/LAD070525USA.pdf
https://www.equibase.com/premium/eqpVchartBuy.cfm?mo=7&da=5&yr=2025&trackco=ALL;ALL&cl=Y,MONMOUTH PARK,https://www.equibase.com/premium/eqbPDFChartPlusIndex.cfm?tid=MTH&dt=07/05/2025&ctry=USA,05-07-2025,https://www.equibase.com/static/chart/pdf/MTH070525USA.pdf
https://www.equibase.com/premium/eqpVchartBuy.cfm?mo=7&da=5&yr=2025&trackco=ALL;ALL&cl=Y,PENN NATIONAL,https://www.equibase.com/premium/eqbPDFChartPlusIndex.cfm?tid=PEN&dt=07/05/2025&ctry=USA,05-07-2025,https://www.equibase.com/static/chart/pdf/PEN070525USA.pdf
https://www.equibase.com/premium/eqpVchartBuy.cfm?mo=7&da=5&yr=2025&trackco=ALL;ALL&cl=Y,PRAIRIE MEADOWS,https://www.equibase.com/premium/eqbPDFChartPlusIndex.cfm?tid=PRM&dt=07/05/2025&ctry=USA,05-07-2025,https://www.equibase.com/static/chart/pdf/PRM070525USA.pdf
https://www.equibase.com/premium/eqpVchartBuy.cfm?mo=7&da=5&yr=2025&trackco=ALL;ALL&cl=Y,RUIDOSO DOWNS,https://www.equibase.com/premium/eqbPDFChartPlusIndex.cfm?tid=RUI&dt=07/05/2025&ctry=USA,05-07-2025,https://www.equibase.com/static/chart/pdf/RUI070525USA.pdf
https://www.equibase.com/premium/eqpVchartBuy.cfm?mo=7&da=5&yr=2025&trackco=ALL;ALL&cl=Y,SARATOGA,https://www.equibase.com/premium/eqbPDFChartPlusIndex.cfm?tid=SAR&dt=07/05/2025&ctry=USA,05-07-2025,https://www.equibase.com/static/chart/pdf/SAR070525USA.pdf
https://www.equibase.com/premium/eqpVchartBuy.cfm?mo=7&da=5&yr=2025&trackco=ALL;ALL&cl=Y,WOODBINE,https://www.equibase.com/premium/eqbPDFChartPlusIndex.cfm?tid=WO&dt=07/05/2025&ctry=CAN,05-07-2025,https://www.equibase.com/static/chart/pdf/WO070525CAN.pdf
https://www.equibase.com/premium/eqpVchartBuy.cfm?mo=7&da=5&yr=2025&trackco=ALL;ALL&cl=Y,WYOMING DOWNS,https://www.equibase.com/premium/eqbPDFChartPlusIndex.cfm?tid=WYO&dt=07/05/2025&ctry=USA,05-07-2025,https://www.equibase.com/static/chart/pdf/WYO070525USA.pdf
https://www.equibase.com/premium/eqpVchartBuy.cfm?mo=7&da=6&yr=2025&trackco=ALL;ALL&cl=Y,CAMARERO RACE TRACK,https://www.equibase.com/premium/eqbPDFChartPlusIndex.cfm?tid=CMR&dt=07/06/2025&ctry=PR,06-07-2025,https://www.equibase.com/static/chart/pdf/CMR070625PR.pdf
https://www.equibase.com/premium/eqpVchartBuy.cfm?mo=7&da=6&yr=2025&trackco=ALL;ALL&cl=Y,ELLIS PARK,https://www.equibase.com/premium/eqbPDFChartPlusIndex.cfm?tid=ELP&dt=07/06/2025&ctry=USA,06-07-2025,https://www.equibase.com/static/chart/pdf/ELP070625USA.pdf
https://www.equibase.com/premium/eqpVchartBuy.cfm?mo=7&da=6&yr=2025&trackco=ALL;ALL&cl=Y,GILLESPIE COUNTY FAIRGROUND,https://www.equibase.com/premium/eqbPDFChartPlusIndex.cfm?tid=GIL&dt=07/06/2025&ctry=USA,06-07-2025,https://www.equibase.com/static/chart/pdf/GIL070625USA.pdf
https://www.equibase.com/premium/eqpVchartBuy.cfm?mo=7&da=6&yr=2025&trackco=ALL;ALL&cl=Y,GRANDE PRAIRIE,https://www.equibase.com/premium/eqbPDFChartPlusIndex.cfm?tid=GPR&dt=07/06/2025&ctry=CAN,06-07-2025,https://www.equibase.com/static/chart/pdf/GPR070625CAN.pdf
https://www.equibase.com/premium/eqpVchartBuy.cfm?mo=7&da=6&yr=2025&trackco=ALL;ALL&cl=Y,HARRAH'S COLUMBUS NEBRASKA,https://www.equibase.com/premium/eqbPDFChartPlusIndex.cfm?tid=HCN&dt=07/06/2025&ctry=USA,06-07-2025,https://www.equibase.com/static/chart/pdf/HCN070625USA.pdf
https://www.equibase.com/premium/eqpVchartBuy.cfm?mo=7&da=6&yr=2025&trackco=ALL;ALL&cl=Y,HAWTHORNE,https://www.equibase.com/premium/eqbPDFChartPlusIndex.cfm?tid=HAW&dt=07/06/2025&ctry=USA,06-07-2025,https://www.equibase.com/static/chart/pdf/HAW070625USA.pdf
https://www.equibase.com/premium/eqpVchartBuy.cfm?mo=7&da=6&yr=2025&trackco=ALL;ALL&cl=Y,LONE STAR PARK,https://www.equibase.com/premium/eqbPDFChartPlusIndex.cfm?tid=LS&dt=07/06/2025&ctry=USA,06-07-2025,https://www.equibase.com/static/chart/pdf/LS070625USA.pdf
https://www.equibase.com/premium/eqpVchartBuy.cfm?mo=7&da=6&yr=2025&trackco=ALL;ALL&cl=Y,LOS ALAMITOS,https://www.equibase.com/premium/eqbPDFChartPlusIndex.cfm?tid=LA&dt=07/06/2025&ctry=USA,06-07-2025,https://www.equibase.com/static/chart/pdf/LA070625USA.pdf
https://www.equibase.com/premium/eqpVchartBuy.cfm?mo=7&da=6&yr=2025&trackco=ALL;ALL&cl=Y,LOS ALAMITOS RACE COURSE,https://www.equibase.com/premium/eqbPDFChartPlusIndex.cfm?tid=LRC&dt=07/06/2025&ctry=USA,06-07-2025,https://www.equibase.com/static/chart/pdf/LRC070625USA.pdf
https://www.equibase.com/premium/eqpVchartBuy.cfm?mo=7&da=6&yr=2025&trackco=ALL;ALL&cl=Y,MONMOUTH PARK,https://www.equibase.com/premium/eqbPDFChartPlusIndex.cfm?tid=MTH&dt=07/06/2025&ctry=USA,06-07-2025,https://www.equibase.com/static/chart/pdf/MTH070625USA.pdf
https://www.equibase.com/premium/eqpVchartBuy.cfm?mo=7&da=6&yr=2025&trackco=ALL;ALL&cl=Y,MOUNTAINEER CASINO RACETRACK & RESORT,https://www.equibase.com/premium/eqbPDFChartPlusIndex.cfm?tid=MNR&dt=07/06/2025&ctry=USA,06-07-2025,https://www.equibase.com/static/chart/pdf/MNR070625USA.pdf
https://www.equibase.com/premium/eqpVchartBuy.cfm?mo=7&da=6&yr=2025&trackco=ALL;ALL&cl=Y,PRAIRIE MEADOWS,https://www.equibase.com/premium/eqbPDFChartPlusIndex.cfm?tid=PRM&dt=07/06/2025&ctry=USA,06-07-2025,https://www.equibase.com/static/chart/pdf/PRM070625USA.pdf
https://www.equibase.com/premium/eqpVchartBuy.cfm?mo=7&da=6&yr=2025&trackco=ALL;ALL&cl=Y,RUIDOSO DOWNS,https://www.equibase.com/premium/eqbPDFChartPlusIndex.cfm?tid=RUI&dt=07/06/2025&ctry=USA,06-07-2025,https://www.equibase.com/static/chart/pdf/RUI070625USA.pdf
https://www.equibase.com/premium/eqpVchartBuy.cfm?mo=7&da=6&yr=2025&trackco=ALL;ALL&cl=Y,SARATOGA,https://www.equibase.com/premium/eqbPDFChartPlusIndex.cfm?tid=SAR&dt=07/06/2025&ctry=USA,06-07-2025,https://www.equibase.com/static/chart/pdf/SAR070625USA.pdf
https://www.equibase.com/premium/eqpVchartBuy.cfm?mo=7&da=6&yr=2025&trackco=ALL;ALL&cl=Y,WOODBINE,https://www.equibase.com/premium/eqbPDFChartPlusIndex.cfm?tid=WO&dt=07/06/2025&ctry=CAN,06-07-2025,https://www.equibase.com/static/chart/pdf/WO070625CAN.pdf
https://www.equibase.com/premium/eqpVchartBuy.cfm?mo=7&da=6&yr=2025&trackco=ALL;ALL&cl=Y,WYOMING DOWNS,https://www.equibase.com/premium/eqbPDFChartPlusIndex.cfm?tid=WYO&dt=07/06/2025&ctry=USA,06-07-2025,https://www.equibase.com/static/chart/pdf/WYO070625USA.pdf
https://www.equibase.com/premium/eqpVchartBuy.cfm?mo=7&da=7&yr=2025&trackco=ALL;ALL&cl=Y,CENTURY MILE,https://www.equibase.com/premium/eqbPDFChartPlusIndex.cfm?tid=CTM&dt=07/07/2025&ctry=CAN,07-07-2025,https://www.equibase.com/static/chart/pdf/CTM070725CAN.pdf
https://www.equibase.com/premium/eqpVchartBuy.cfm?mo=7&da=7&yr=2025&trackco=ALL;ALL&cl=Y,FINGER LAKES,https://www.equibase.com/premium/eqbPDFChartPlusIndex.cfm?tid=FL&dt=07/07/2025&ctry=USA,07-07-2025,https://www.equibase.com/static/chart/pdf/FL070725USA.pdf
https://www.equibase.com/premium/eqpVchartBuy.cfm?mo=7&da=7&yr=2025&trackco=ALL;ALL&cl=Y,FORT ERIE,https://www.equibase.com/premium/eqbPDFChartPlusIndex.cfm?tid=FE&dt=07/07/2025&ctry=CAN,07-07-2025,https://www.equibase.com/static/chart/pdf/FE070725CAN.pdf
https://www.equibase.com/premium/eqpVchartBuy.cfm?mo=7&da=7&yr=2025&trackco=ALL;ALL&cl=Y,MOUNTAINEER CASINO RACETRACK & RESORT,https://www.equibase.com/premium/eqbPDFChartPlusIndex.cfm?tid=MNR&dt=07/07/2025&ctry=USA,07-07-2025,https://www.equibase.com/static/chart/pdf/MNR070725USA.pdf
https://www.equibase.com/premium/eqpVchartBuy.cfm?mo=7&da=7&yr=2025&trackco=ALL;ALL&cl=Y,PARX RACING,https://www.equibase.com/premium/eqbPDFChartPlusIndex.cfm?tid=PRX&dt=07/07/2025&ctry=USA,07-07-2025,https://www.equibase.com/static/chart/pdf/PRX070725USA.pdf
https://www.equibase.com/premium/eqpVchartBuy.cfm?mo=7&da=7&yr=2025&trackco=ALL;ALL&cl=Y,PRESQUE ISLE DOWNS,https://www.equibase.com/premium/eqbPDFChartPlusIndex.cfm?tid=PID&dt=07/07/2025&ctry=USA,07-07-2025,https://www.equibase.com/static/chart/pdf/PID070725USA.pdf
https://www.equibase.com/premium/eqpVchartBuy.cfm?mo=7&da=7&yr=2025&trackco=ALL;ALL&cl=Y,THISTLEDOWN,https://www.equibase.com/premium/eqbPDFChartPlusIndex.cfm?tid=TDN&dt=07/07/2025&ctry=USA,07-07-2025,https://www.equibase.com/static/chart/pdf/TDN070725USA.pdf
https://www.equibase.com/premium/eqpVchartBuy.cfm?mo=7&da=8&yr=2025&trackco=ALL;ALL&cl=Y,ASSINIBOIA DOWNS,https://www.equibase.com/premium/eqbPDFChartPlusIndex.cfm?tid=ASD&dt=07/08/2025&ctry=CAN,08-07-2025,https://www.equibase.com/static/chart/pdf/ASD070825CAN.pdf
https://www.equibase.com/premium/eqpVchartBuy.cfm?mo=7&da=8&yr=2025&trackco=ALL;ALL&cl=Y,FAIRMOUNT PARK,https://www.equibase.com/premium/eqbPDFChartPlusIndex.cfm?tid=FP&dt=07/08/2025&ctry=USA,08-07-2025,https://www.equibase.com/static/chart/pdf/FP070825USA.pdf
https://www.equibase.com/premium/eqpVchartBuy.cfm?mo=7&da=8&yr=2025&trackco=ALL;ALL&cl=Y,FINGER LAKES,https://www.equibase.com/premium/eqbPDFChartPlusIndex.cfm?tid=FL&dt=07/08/2025&ctry=USA,08-07-2025,https://www.equibase.com/static/chart/pdf/FL070825USA.pdf
https://www.equibase.com/premium/eqpVchartBuy.cfm?mo=7&da=8&yr=2025&trackco=ALL;ALL&cl=Y,FORT ERIE,https://www.equibase.com/premium/eqbPDFChartPlusIndex.cfm?tid=FE&dt=07/08/2025&ctry=CAN,08-07-2025,https://www.equibase.com/static/chart/pdf/FE070825CAN.pdf
https://www.equibase.com/premium/eqpVchartBuy.cfm?mo=7&da=8&yr=2025&trackco=ALL;ALL&cl=Y,HORSESHOE INDIANAPOLIS,https://www.equibase.com/premium/eqbPDFChartPlusIndex.cfm?tid=IND&dt=07/08/2025&ctry=USA,08-07-2025,https://www.equibase.com/static/chart/pdf/IND070825USA.pdf
https://www.equibase.com/premium/eqpVchartBuy.cfm?mo=7&da=8&yr=2025&trackco=ALL;ALL&cl=Y,MOUNTAINEER CASINO RACETRACK & RESORT,https://www.equibase.com/premium/eqbPDFChartPlusIndex.cfm?tid=MNR&dt=07/08/2025&ctry=USA,08-07-2025,https://www.equibase.com/static/chart/pdf/MNR070825USA.pdf
https://www.equibase.com/premium/eqpVchartBuy.cfm?mo=7&da=8&yr=2025&trackco=ALL;ALL&cl=Y,PARX RACING,https://www.equibase.com/premium/eqbPDFChartPlusIndex.cfm?tid=PRX&dt=07/08/2025&ctry=USA,08-07-2025,https://www.equibase.com/static/chart/pdf/PRX070825USA.pdf
https://www.equibase.com/premium/eqpVchartBuy.cfm?mo=7&da=8&yr=2025&trackco=ALL;ALL&cl=Y,PRESQUE ISLE DOWNS,https://www.equibase.com/premium/eqbPDFChartPlusIndex.cfm?tid=PID&dt=07/08/2025&ctry=USA,08-07-2025,https://www.equibase.com/static/chart/pdf/PID070825USA.pdf
https://www.equibase.com/premium/eqpVchartBuy.cfm?mo=7&da=8&yr=2025&trackco=ALL;ALL&cl=Y,THISTLEDOWN,https://www.equibase.com/premium/eqbPDFChartPlusIndex.cfm?tid=TDN&dt=07/08/2025&ctry=USA,08-07-2025,https://www.equibase.com/static/chart/pdf/TDN070825USA.pdf
https://www.equibase.com/premium/eqpVchartBuy.cfm?mo=7&da=9&yr=2025&trackco=ALL;ALL&cl=Y,AJAX DOWNS,https://www.equibase.com/premium/eqbPDFChartPlusIndex.cfm?tid=AJX&dt=07/09/2025&ctry=CAN,09-07-2025,https://www.equibase.com/static/chart/pdf/AJX070925CAN.pdf
https://www.equibase.com/premium/eqpVchartBuy.cfm?mo=7&da=9&yr=2025&trackco=ALL;ALL&cl=Y,ASSINIBOIA DOWNS,https://www.equibase.com/premium/eqbPDFChartPlusIndex.cfm?tid=ASD&dt=07/09/2025&ctry=CAN,09-07-2025,https://www.equibase.com/static/chart/pdf/ASD070925CAN.pdf
https://www.equibase.com/premium/eqpVchartBuy.cfm?mo=7&da=9&yr=2025&trackco=ALL;ALL&cl=Y,BELTERRA PARK,https://www.equibase.com/premium/eqbPDFChartPlusIndex.cfm?tid=BTP&dt=07/09/2025&ctry=USA,09-07-2025,https://www.equibase.com/static/chart/pdf/BTP070925USA.pdf
https://www.equibase.com/premium/eqpVchartBuy.cfm?mo=7&da=9&yr=2025&trackco=ALL;ALL&cl=Y,CANTERBURY PARK,https://www.equibase.com/premium/eqbPDFChartPlusIndex.cfm?tid=CBY&dt=07/09/2025&ctry=USA,09-07-2025,https://www.equibase.com/static/chart/pdf/CBY070925USA.pdf
https://www.equibase.com/premium/eqpVchartBuy.cfm?mo=7&da=9&yr=2025&trackco=ALL;ALL&cl=Y,COLONIAL DOWNS,https://www.equibase.com/premium/eqbPDFChartPlusIndex.cfm?tid=CNL&dt=07/09/2025&ctry=USA,09-07-2025,https://www.equibase.com/static/chart/pdf/CNL070925USA.pdf
https://www.equibase.com/premium/eqpVchartBuy.cfm?mo=7&da=9&yr=2025&trackco=ALL;ALL&cl=Y,CROOKED RIVER ROUNDUP,https://www.equibase.com/premium/eqbPDFChartPlusIndex.cfm?tid=PRV&dt=07/09/2025&ctry=USA,09-07-2025,https://www.equibase.com/static/chart/pdf/PRV070925USA.pdf
https://www.equibase.com/premium/eqpVchartBuy.cfm?mo=7&da=9&yr=2025&trackco=ALL;ALL&cl=Y,DELAWARE PARK,https://www.equibase.com/premium/eqbPDFChartPlusIndex.cfm?tid=DEL&dt=07/09/2025&ctry=USA,09-07-2025,https://www.equibase.com/static/chart/pdf/DEL070925USA.pdf
https://www.equibase.com/premium/eqpVchartBuy.cfm?mo=7&da=9&yr=2025&trackco=ALL;ALL&cl=Y,DELTA DOWNS,https://www.equibase.com/premium/eqbPDFChartPlusIndex.cfm?tid=DED&dt=07/09/2025&ctry=USA,09-07-2025,https://www.equibase.com/static/chart/pdf/DED070925USA.pdf
https://www.equibase.com/premium/eqpVchartBuy.cfm?mo=7&da=9&yr=2025&trackco=ALL;ALL&cl=Y,FAIR MEADOWS,https://www.equibase.com/premium/eqbPDFChartPlusIndex.cfm?tid=FMT&dt=07/09/2025&ctry=USA,09-07-2025,https://www.equibase.com/static/chart/pdf/FMT070925USA.pdf
https://www.equibase.com/premium/eqpVchartBuy.cfm?mo=7&da=9&yr=2025&trackco=ALL;ALL&cl=Y,FINGER LAKES,https://www.equibase.com/premium/eqbPDFChartPlusIndex.cfm?tid=FL&dt=07/09/2025&ctry=USA,09-07-2025,https://www.equibase.com/static/chart/pdf/FL070925USA.pdf
https://www.equibase.com/premium/eqpVchartBuy.cfm?mo=7&da=9&yr=2025&trackco=ALL;ALL&cl=Y,HORSESHOE INDIANAPOLIS,https://www.equibase.com/premium/eqbPDFChartPlusIndex.cfm?tid=IND&dt=07/09/2025&ctry=USA,09-07-2025,https://www.equibase.com/static/chart/pdf/IND070925USA.pdf
https://www.equibase.com/premium/eqpVchartBuy.cfm?mo=7&da=9&yr=2025&trackco=ALL;ALL&cl=Y,MOUNTAINEER CASINO RACETRACK & RESORT,https://www.equibase.com/premium/eqbPDFChartPlusIndex.cfm?tid=MNR&dt=07/09/2025&ctry=USA,09-07-2025,https://www.equibase.com/static/chart/pdf/MNR070925USA.pdf
https://www.equibase.com/premium/eqpVchartBuy.cfm?mo=7&da=9&yr=2025&trackco=ALL;ALL&cl=Y,PARX RACING,https://www.equibase.com/premium/eqbPDFChartPlusIndex.cfm?tid=PRX&dt=07/09/2025&ctry=USA,09-07-2025,https://www.equibase.com/static/chart/pdf/PRX070925USA.pdf
https://www.equibase.com/premium/eqpVchartBuy.cfm?mo=7&da=9&yr=2025&trackco=ALL;ALL&cl=Y,PENN NATIONAL,https://www.equibase.com/premium/eqbPDFChartPlusIndex.cfm?tid=PEN&dt=07/09/2025&ctry=USA,09-07-2025,https://www.equibase.com/static/chart/pdf/PEN070925USA.pdf
https://www.equibase.com/premium/eqpVchartBuy.cfm?mo=7&da=9&yr=2025&trackco=ALL;ALL&cl=Y,PRESQUE ISLE DOWNS,https://www.equibase.com/premium/eqbPDFChartPlusIndex.cfm?tid=PID&dt=07/09/2025&ctry=USA,09-07-2025,https://www.equibase.com/static/chart/pdf/PID070925USA.pdf
https://www.equibase.com/premium/eqpVchartBuy.cfm?mo=7&da=9&yr=2025&trackco=ALL;ALL&cl=Y,THISTLEDOWN,https://www.equibase.com/premium/eqbPDFChartPlusIndex.cfm?tid=TDN&dt=07/09/2025&ctry=USA,09-07-2025,https://www.equibase.com/static/chart/pdf/TDN070925USA.pdf
https://www.equibase.com/premium/eqpVchartBuy.cfm?mo=7&da=10&yr=2025&trackco=ALL;ALL&cl=Y,BELTERRA PARK,https://www.equibase.com/premium/eqbPDFChartPlusIndex.cfm?tid=BTP&dt=07/10/2025&ctry=USA,10-07-2025,https://www.equibase.com/static/chart/pdf/BTP071025USA.pdf
https://www.equibase.com/premium/eqpVchartBuy.cfm?mo=7&da=10&yr=2025&trackco=ALL;ALL&cl=Y,CAMARERO RACE TRACK,https://www.equibase.com/premium/eqbPDFChartPlusIndex.cfm?tid=CMR&dt=07/10/2025&ctry=PR,10-07-2025,https://www.equibase.com/static/chart/pdf/CMR071025PR.pdf
https://www.equibase.com/premium/eqpVchartBuy.cfm?mo=7&da=10&yr=2025&trackco=ALL;ALL&cl=Y,CANTERBURY PARK,https://www.equibase.com/premium/eqbPDFChartPlusIndex.cfm?tid=CBY&dt=07/10/2025&ctry=USA,10-07-2025,https://www.equibase.com/static/chart/pdf/CBY071025USA.pdf
https://www.equibase.com/premium/eqpVchartBuy.cfm?mo=7&da=10&yr=2025&trackco=ALL;ALL&cl=Y,COLONIAL DOWNS,https://www.equibase.com/premium/eqbPDFChartPlusIndex.cfm?tid=CNL&dt=07/10/2025&ctry=USA,10-07-2025,https://www.equibase.com/static/chart/pdf/CNL071025USA.pdf
https://www.equibase.com/premium/eqpVchartBuy.cfm?mo=7&da=10&yr=2025&trackco=ALL;ALL&cl=Y,CROOKED RIVER ROUNDUP,https://www.equibase.com/premium/eqbPDFChartPlusIndex.cfm?tid=PRV&dt=07/10/2025&ctry=USA,10-07-2025,https://www.equibase.com/static/chart/pdf/PRV071025USA.pdf
https://www.equibase.com/premium/eqpVchartBuy.cfm?mo=7&da=10&yr=2025&trackco=ALL;ALL&cl=Y,DELAWARE PARK,https://www.equibase.com/premium/eqbPDFChartPlusIndex.cfm?tid=DEL&dt=07/10/2025&ctry=USA,10-07-2025,https://www.equibase.com/static/chart/pdf/DEL071025USA.pdf
https://www.equibase.com/premium/eqpVchartBuy.cfm?mo=7&da=10&yr=2025&trackco=ALL;ALL&cl=Y,DELTA DOWNS,https://www.equibase.com/premium/eqbPDFChartPlusIndex.cfm?tid=DED&dt=07/10/2025&ctry=USA,10-07-2025,https://www.equibase.com/static/chart/pdf/DED071025USA.pdf
https://www.equibase.com/premium/eqpVchartBuy.cfm?mo=7&da=10&yr=2025&trackco=ALL;ALL&cl=Y,EVANGELINE DOWNS,https://www.equibase.com/premium/eqbPDFChartPlusIndex.cfm?tid=EVD&dt=07/10/2025&ctry=USA,10-07-2025,https://www.equibase.com/static/chart/pdf/EVD071025USA.pdf
https://www.equibase.com/premium/eqpVchartBuy.cfm?mo=7&da=10&yr=2025&trackco=ALL;ALL&cl=Y,FAIR MEADOWS,https://www.equibase.com/premium/eqbPDFChartPlusIndex.cfm?tid=FMT&dt=07/10/2025&ctry=USA,10-07-2025,https://www.equibase.com/static/chart/pdf/FMT071025USA.pdf
https://www.equibase.com/premium/eqpVchartBuy.cfm?mo=7&da=10&yr=2025&trackco=ALL;ALL&cl=Y,HAWTHORNE,https://www.equibase.com/premium/eqbPDFChartPlusIndex.cfm?tid=HAW&dt=07/10/2025&ctry=USA,10-07-2025,https://www.equibase.com/static/chart/pdf/HAW071025USA.pdf
https://www.equibase.com/premium/eqpVchartBuy.cfm?mo=7&da=10&yr=2025&trackco=ALL;ALL&cl=Y,HOLLYWOOD CASINO AT CHARLES TOWN RACES,https://www.equibase.com/premium/eqbPDFChartPlusIndex.cfm?tid=CT&dt=07/10/2025&ctry=USA,10-07-2025,https://www.equibase.com/static/chart/pdf/CT071025USA.pdf
https://www.equibase.com/premium/eqpVchartBuy.cfm?mo=7&da=10&yr=2025&trackco=ALL;ALL&cl=Y,HORSESHOE INDIANAPOLIS,https://www.equibase.com/premium/eqbPDFChartPlusIndex.cfm?tid=IND&dt=07/10/2025&ctry=USA,10-07-2025,https://www.equibase.com/static/chart/pdf/IND071025USA.pdf
https://www.equibase.com/premium/eqpVchartBuy.cfm?mo=7&da=10&yr=2025&trackco=ALL;ALL&cl=Y,PENN NATIONAL,https://www.equibase.com/premium/eqbPDFChartPlusIndex.cfm?tid=PEN&dt=07/10/2025&ctry=USA,10-07-2025,https://www.equibase.com/static/chart/pdf/PEN071025USA.pdf
https://www.equibase.com/premium/eqpVchartBuy.cfm?mo=7&da=10&yr=2025&trackco=ALL;ALL&cl=Y,RETAMA PARK,https://www.equibase.com/premium/eqbPDFChartPlusIndex.cfm?tid=RET&dt=07/10/2025&ctry=USA,10-07-2025,https://www.equibase.com/static/chart/pdf/RET071025USA.pdf
https://www.equibase.com/premium/eqpVchartBuy.cfm?mo=7&da=10&yr=2025&trackco=ALL;ALL&cl=Y,SARATOGA,https://www.equibase.com/premium/eqbPDFChartPlusIndex.cfm?tid=SAR&dt=07/10/2025&ctry=USA,10-07-2025,https://www.equibase.com/static/chart/pdf/SAR071025USA.pdf
https://www.equibase.com/premium/eqpVchartBuy.cfm?mo=7&da=10&yr=2025&trackco=ALL;ALL&cl=Y,THISTLEDOWN,https://www.equibase.com/premium/eqbPDFChartPlusIndex.cfm?tid=TDN&dt=07/10/2025&ctry=USA,10-07-2025,https://www.equibase.com/static/chart/pdf/TDN071025USA.pdf
https://www.equibase.com/premium/eqpVchartBuy.cfm?mo=7&da=10&yr=2025&trackco=ALL;ALL&cl=Y,WOODBINE,https://www.equibase.com/premium/eqbPDFChartPlusIndex.cfm?tid=WO&dt=07/10/2025&ctry=CAN,10-07-2025,https://www.equibase.com/static/chart/pdf/WO071025CAN.pdf
https://www.equibase.com/premium/eqpVchartBuy.cfm?mo=7&da=11&yr=2025&trackco=ALL;ALL&cl=Y,BELTERRA PARK,https://www.equibase.com/premium/eqbPDFChartPlusIndex.cfm?tid=BTP&dt=07/11/2025&ctry=USA,11-07-2025,https://www.equibase.com/static/chart/pdf/BTP071125USA.pdf
https://www.equibase.com/premium/eqpVchartBuy.cfm?mo=7&da=11&yr=2025&trackco=ALL;ALL&cl=Y,CAMARERO RACE TRACK,https://www.equibase.com/premium/eqbPDFChartPlusIndex.cfm?tid=CMR&dt=07/11/2025&ctry=PR,11-07-2025,https://www.equibase.com/static/chart/pdf/CMR071125PR.pdf
https://www.equibase.com/premium/eqpVchartBuy.cfm?mo=7&da=11&yr=2025&trackco=ALL;ALL&cl=Y,CENTURY MILE,https://www.equibase.com/premium/eqbPDFChartPlusIndex.cfm?tid=CTM&dt=07/11/2025&ctry=CAN,11-07-2025,https://www.equibase.com/static/chart/pdf/CTM071125CAN.pdf
https://www.equibase.com/premium/eqpVchartBuy.cfm?mo=7&da=11&yr=2025&trackco=ALL;ALL&cl=Y,COLONIAL DOWNS,https://www.equibase.com/premium/eqbPDFChartPlusIndex.cfm?tid=CNL&dt=07/11/2025&ctry=USA,11-07-2025,https://www.equibase.com/static/chart/pdf/CNL071125USA.pdf
https://www.equibase.com/premium/eqpVchartBuy.cfm?mo=7&da=11&yr=2025&trackco=ALL;ALL&cl=Y,CROOKED RIVER ROUNDUP,https://www.equibase.com/premium/eqbPDFChartPlusIndex.cfm?tid=PRV&dt=07/11/2025&ctry=USA,11-07-2025,https://www.equibase.com/static/chart/pdf/PRV071125USA.pdf
https://www.equibase.com/premium/eqpVchartBuy.cfm?mo=7&da=11&yr=2025&trackco=ALL;ALL&cl=Y,DELAWARE PARK,https://www.equibase.com/premium/eqbPDFChartPlusIndex.cfm?tid=DEL&dt=07/11/2025&ctry=USA,11-07-2025,https://www.equibase.com/static/chart/pdf/DEL071125USA.pdf
https://www.equibase.com/premium/eqpVchartBuy.cfm?mo=7&da=11&yr=2025&trackco=ALL;ALL&cl=Y,DELTA DOWNS,https://www.equibase.com/premium/eqbPDFChartPlusIndex.cfm?tid=DED&dt=07/11/2025&ctry=USA,11-07-2025,https://www.equibase.com/static/chart/pdf/DED071125USA.pdf
https://www.equibase.com/premium/eqpVchartBuy.cfm?mo=7&da=11&yr=2025&trackco=ALL;ALL&cl=Y,EMERALD DOWNS,https://www.equibase.com/premium/eqbPDFChartPlusIndex.cfm?tid=EMD&dt=07/11/2025&ctry=USA,11-07-2025,https://www.equibase.com/static/chart/pdf/EMD071125USA.pdf
https://www.equibase.com/premium/eqpVchartBuy.cfm?mo=7&da=11&yr=2025&trackco=ALL;ALL&cl=Y,EVANGELINE DOWNS,https://www.equibase.com/premium/eqbPDFChartPlusIndex.cfm?tid=EVD&dt=07/11/2025&ctry=USA,11-07-2025,https://www.equibase.com/static/chart/pdf/EVD071125USA.pdf
https://www.equibase.com/premium/eqpVchartBuy.cfm?mo=7&da=11&yr=2025&trackco=ALL;ALL&cl=Y,FAIR MEADOWS,https://www.equibase.com/premium/eqbPDFChartPlusIndex.cfm?tid=FMT&dt=07/11/2025&ctry=USA,11-07-2025,https://www.equibase.com/static/chart/pdf/FMT071125USA.pdf
https://www.equibase.com/premium/eqpVchartBuy.cfm?mo=7&da=11&yr=2025&trackco=ALL;ALL&cl=Y,GULFSTREAM PARK,https://www.equibase.com/premium/eqbPDFChartPlusIndex.cfm?tid=GP&dt=07/11/2025&ctry=USA,11-07-2025,https://www.equibase.com/static/chart/pdf/GP071125USA.pdf
https://www.equibase.com/premium/eqpVchartBuy.cfm?mo=7&da=11&yr=2025&trackco=ALL;ALL&cl=Y,HARRAH'S COLUMBUS NEBRASKA,https://www.equibase.com/premium/eqbPDFChartPlusIndex.cfm?tid=HCN&dt=07/11/2025&ctry=USA,11-07-2025,https://www.equibase.com/static/chart/pdf/HCN071125USA.pdf
https://www.equibase.com/premium/eqpVchartBuy.cfm?mo=7&da=11&yr=2025&trackco=ALL;ALL&cl=Y,HOLLYWOOD CASINO AT CHARLES TOWN RACES,https://www.equibase.com/premium/eqbPDFChartPlusIndex.cfm?tid=CT&dt=07/11/2025&ctry=USA,11-07-2025,https://www.equibase.com/static/chart/pdf/CT071125USA.pdf
https://www.equibase.com/premium/eqpVchartBuy.cfm?mo=7&da=11&yr=2025&trackco=ALL;ALL&cl=Y,LONE STAR PARK,https://www.equibase.com/premium/eqbPDFChartPlusIndex.cfm?tid=LS&dt=07/11/2025&ctry=USA,11-07-2025,https://www.equibase.com/static/chart/pdf/LS071125USA.pdf
https://www.equibase.com/premium/eqpVchartBuy.cfm?mo=7&da=11&yr=2025&trackco=ALL;ALL&cl=Y,MONMOUTH PARK,https://www.equibase.com/premium/eqbPDFChartPlusIndex.cfm?tid=MTH&dt=07/11/2025&ctry=USA,11-07-2025,https://www.equibase.com/static/chart/pdf/MTH071125USA.pdf
https://www.equibase.com/premium/eqpVchartBuy.cfm?mo=7&da=11&yr=2025&trackco=ALL;ALL&cl=Y,PENN NATIONAL,https://www.equibase.com/premium/eqbPDFChartPlusIndex.cfm?tid=PEN&dt=07/11/2025&ctry=USA,11-07-2025,https://www.equibase.com/static/chart/pdf/PEN071125USA.pdf
https://www.equibase.com/premium/eqpVchartBuy.cfm?mo=7&da=11&yr=2025&trackco=ALL;ALL&cl=Y,POCATELLO DOWNS,https://www.equibase.com/premium/eqbPDFChartPlusIndex.cfm?tid=POD&dt=07/11/2025&ctry=USA,11-07-2025,https://www.equibase.com/static/chart/pdf/POD071125USA.pdf
https://www.equibase.com/premium/eqpVchartBuy.cfm?mo=7&da=11&yr=2025&trackco=ALL;ALL&cl=Y,PRAIRIE MEADOWS,https://www.equibase.com/premium/eqbPDFChartPlusIndex.cfm?tid=PRM&dt=07/11/2025&ctry=USA,11-07-2025,https://www.equibase.com/static/chart/pdf/PRM071125USA.pdf
https://www.equibase.com/premium/eqpVchartBuy.cfm?mo=7&da=11&yr=2025&trackco=ALL;ALL&cl=Y,RETAMA PARK,https://www.equibase.com/premium/eqbPDFChartPlusIndex.cfm?tid=RET&dt=07/11/2025&ctry=USA,11-07-2025,https://www.equibase.com/static/chart/pdf/RET071125USA.pdf
https://www.equibase.com/premium/eqpVchartBuy.cfm?mo=7&da=11&yr=2025&trackco=ALL;ALL&cl=Y,RUIDOSO DOWNS,https://www.equibase.com/premium/eqbPDFChartPlusIndex.cfm?tid=RUI&dt=07/11/2025&ctry=USA,11-07-2025,https://www.equibase.com/static/chart/pdf/RUI071125USA.pdf
https://www.equibase.com/premium/eqpVchartBuy.cfm?mo=7&da=11&yr=2025&trackco=ALL;ALL&cl=Y,SARATOGA,https://www.equibase.com/premium/eqbPDFChartPlusIndex.cfm?tid=SAR&dt=07/11/2025&ctry=USA,11-07-2025,https://www.equibase.com/static/chart/pdf/SAR071125USA.pdf
https://www.equibase.com/premium/eqpVchartBuy.cfm?mo=7&da=11&yr=2025&trackco=ALL;ALL&cl=Y,WOODBINE,https://www.equibase.com/premium/eqbPDFChartPlusIndex.cfm?tid=WO&dt=07/11/2025&ctry=CAN,11-07-2025,https://www.equibase.com/static/chart/pdf/WO071125CAN.pdf
https://www.equibase.com/premium/eqpVchartBuy.cfm?mo=7&da=11&yr=2025&trackco=ALL;ALL&cl=Y,WYOMING DOWNS,https://www.equibase.com/premium/eqbPDFChartPlusIndex.cfm?tid=WYO&dt=07/11/2025&ctry=USA,11-07-2025,https://www.equibase.com/static/chart/pdf/WYO071125USA.pdf
https://www.equibase.com/premium/eqpVchartBuy.cfm?mo=7&da=12&yr=2025&trackco=ALL;ALL&cl=Y,BELTERRA PARK,https://www.equibase.com/premium/eqbPDFChartPlusIndex.cfm?tid=BTP&dt=07/12/2025&ctry=USA,12-07-2025,https://www.equibase.com/static/chart/pdf/BTP071225USA.pdf
https://www.equibase.com/premium/eqpVchartBuy.cfm?mo=7&da=12&yr=2025&trackco=ALL;ALL&cl=Y,CAMARERO RACE TRACK,https://www.equibase.com/premium/eqbPDFChartPlusIndex.cfm?tid=CMR&dt=07/12/2025&ctry=PR,12-07-2025,https://www.equibase.com/static/chart/pdf/CMR071225PR.pdf
https://www.equibase.com/premium/eqpVchartBuy.cfm?mo=7&da=12&yr=2025&trackco=ALL;ALL&cl=Y,CANTERBURY PARK,https://www.equibase.com/premium/eqbPDFChartPlusIndex.cfm?tid=CBY&dt=07/12/2025&ctry=USA,12-07-2025,https://www.equibase.com/static/chart/pdf/CBY071225USA.pdf
https://www.equibase.com/premium/eqpVchartBuy.cfm?mo=7&da=12&yr=2025&trackco=ALL;ALL&cl=Y,CENTURY MILE,https://www.equibase.com/premium/eqbPDFChartPlusIndex.cfm?tid=CTM&dt=07/12/2025&ctry=CAN,12-07-2025,https://www.equibase.com/static/chart/pdf/CTM071225CAN.pdf
https://www.equibase.com/premium/eqpVchartBuy.cfm?mo=7&da=12&yr=2025&trackco=ALL;ALL&cl=Y,COLONIAL DOWNS,https://www.equibase.com/premium/eqbPDFChartPlusIndex.cfm?tid=CNL&dt=07/12/2025&ctry=USA,12-07-2025,https://www.equibase.com/static/chart/pdf/CNL071225USA.pdf
https://www.equibase.com/premium/eqpVchartBuy.cfm?mo=7&da=12&yr=2025&trackco=ALL;ALL&cl=Y,CROOKED RIVER ROUNDUP,https://www.equibase.com/premium/eqbPDFChartPlusIndex.cfm?tid=PRV&dt=07/12/2025&ctry=USA,12-07-2025,https://www.equibase.com/static/chart/pdf/PRV071225USA.pdf
https://www.equibase.com/premium/eqpVchartBuy.cfm?mo=7&da=12&yr=2025&trackco=ALL;ALL&cl=Y,DELAWARE PARK,https://www.equibase.com/premium/eqbPDFChartPlusIndex.cfm?tid=DEL&dt=07/12/2025&ctry=USA,12-07-2025,https://www.equibase.com/static/chart/pdf/DEL071225USA.pdf
https://www.equibase.com/premium/eqpVchartBuy.cfm?mo=7&da=12&yr=2025&trackco=ALL;ALL&cl=Y,DELTA DOWNS,https://www.equibase.com/premium/eqbPDFChartPlusIndex.cfm?tid=DED&dt=07/12/2025&ctry=USA,12-07-2025,https://www.equibase.com/static/chart/pdf/DED071225USA.pdf
https://www.equibase.com/premium/eqpVchartBuy.cfm?mo=7&da=12&yr=2025&trackco=ALL;ALL&cl=Y,ELLIS PARK,https://www.equibase.com/premium/eqbPDFChartPlusIndex.cfm?tid=ELP&dt=07/12/2025&ctry=USA,12-07-2025,https://www.equibase.com/static/chart/pdf/ELP071225USA.pdf
https://www.equibase.com/premium/eqpVchartBuy.cfm?mo=7&da=12&yr=2025&trackco=ALL;ALL&cl=Y,EMERALD DOWNS,https://www.equibase.com/premium/eqbPDFChartPlusIndex.cfm?tid=EMD&dt=07/12/2025&ctry=USA,12-07-2025,https://www.equibase.com/static/chart/pdf/EMD071225USA.pdf
https://www.equibase.com/premium/eqpVchartBuy.cfm?mo=7&da=12&yr=2025&trackco=ALL;ALL&cl=Y,EVANGELINE DOWNS,https://www.equibase.com/premium/eqbPDFChartPlusIndex.cfm?tid=EVD&dt=07/12/2025&ctry=USA,12-07-2025,https://www.equibase.com/static/chart/pdf/EVD071225USA.pdf
https://www.equibase.com/premium/eqpVchartBuy.cfm?mo=7&da=12&yr=2025&trackco=ALL;ALL&cl=Y,FAIR MEADOWS,https://www.equibase.com/premium/eqbPDFChartPlusIndex.cfm?tid=FMT&dt=07/12/2025&ctry=USA,12-07-2025,https://www.equibase.com/static/chart/pdf/FMT071225USA.pdf
https://www.equibase.com/premium/eqpVchartBuy.cfm?mo=7&da=12&yr=2025&trackco=ALL;ALL&cl=Y,FAIRMOUNT PARK,https://www.equibase.com/premium/eqbPDFChartPlusIndex.cfm?tid=FP&dt=07/12/2025&ctry=USA,12-07-2025,https://www.equibase.com/static/chart/pdf/FP071225USA.pdf
https://www.equibase.com/premium/eqpVchartBuy.cfm?mo=7&da=12&yr=2025&trackco=ALL;ALL&cl=Y,GRANDE PRAIRIE,https://www.equibase.com/premium/eqbPDFChartPlusIndex.cfm?tid=GPR&dt=07/12/2025&ctry=CAN,12-07-2025,https://www.equibase.com/static/chart/pdf/GPR071225CAN.pdf
https://www.equibase.com/premium/eqpVchartBuy.cfm?mo=7&da=12&yr=2025&trackco=ALL;ALL&cl=Y,GREAT FALLS,https://www.equibase.com/premium/eqbPDFChartPlusIndex.cfm?tid=GF&dt=07/12/2025&ctry=USA,12-07-2025,https://www.equibase.com/static/chart/pdf/GF071225USA.pdf
https://www.equibase.com/premium/eqpVchartBuy.cfm?mo=7&da=12&yr=2025&trackco=ALL;ALL&cl=Y,GULFSTREAM PARK,https://www.equibase.com/premium/eqbPDFChartPlusIndex.cfm?tid=GP&dt=07/12/2025&ctry=USA,12-07-2025,https://www.equibase.com/static/chart/pdf/GP071225USA.pdf
https://www.equibase.com/premium/eqpVchartBuy.cfm?mo=7&da=12&yr=2025&trackco=ALL;ALL&cl=Y,HARRAH'S COLUMBUS NEBRASKA,https://www.equibase.com/premium/eqbPDFChartPlusIndex.cfm?tid=HCN&dt=07/12/2025&ctry=USA,12-07-2025,https://www.equibase.com/static/chart/pdf/HCN071225USA.pdf
https://www.equibase.com/premium/eqpVchartBuy.cfm?mo=7&da=12&yr=2025&trackco=ALL;ALL&cl=Y,HASTINGS RACECOURSE,https://www.equibase.com/premium/eqbPDFChartPlusIndex.cfm?tid=HST&dt=07/12/2025&ctry=CAN,12-07-2025,https://www.equibase.com/static/chart/pdf/HST071225CAN.pdf
https://www.equibase.com/premium/eqpVchartBuy.cfm?mo=7&da=12&yr=2025&trackco=ALL;ALL&cl=Y,HOLLYWOOD CASINO AT CHARLES TOWN RACES,https://www.equibase.com/premium/eqbPDFChartPlusIndex.cfm?tid=CT&dt=07/12/2025&ctry=USA,12-07-2025,https://www.equibase.com/static/chart/pdf/CT071225USA.pdf
https://www.equibase.com/premium/eqpVchartBuy.cfm?mo=7&da=12&yr=2025&trackco=ALL;ALL&cl=Y,HORSESHOE INDIANAPOLIS,https://www.equibase.com/premium/eqbPDFChartPlusIndex.cfm?tid=IND&dt=07/12/2025&ctry=USA,12-07-2025,https://www.equibase.com/static/chart/pdf/IND071225USA.pdf
https://www.equibase.com/premium/eqpVchartBuy.cfm?mo=7&da=12&yr=2025&trackco=ALL;ALL&cl=Y,LONE STAR PARK,https://www.equibase.com/premium/eqbPDFChartPlusIndex.cfm?tid=LS&dt=07/12/2025&ctry=USA,12-07-2025,https://www.equibase.com/static/chart/pdf/LS071225USA.pdf
https://www.equibase.com/premium/eqpVchartBuy.cfm?mo=7&da=12&yr=2025&trackco=ALL;ALL&cl=Y,LOS ALAMITOS,https://www.equibase.com/premium/eqbPDFChartPlusIndex.cfm?tid=LA&dt=07/12/2025&ctry=USA,12-07-2025,https://www.equibase.com/static/chart/pdf/LA071225USA.pdf
https://www.equibase.com/premium/eqpVchartBuy.cfm?mo=7&da=12&yr=2025&trackco=ALL;ALL&cl=Y,MONMOUTH PARK,https://www.equibase.com/premium/eqbPDFChartPlusIndex.cfm?tid=MTH&dt=07/12/2025&ctry=USA,12-07-2025,https://www.equibase.com/static/chart/pdf/MTH071225USA.pdf
https://www.equibase.com/premium/eqpVchartBuy.cfm?mo=7&da=12&yr=2025&trackco=ALL;ALL&cl=Y,NORTH DAKOTA HORSE PARK,https://www.equibase.com/premium/eqbPDFChartPlusIndex.cfm?tid=FAR&dt=07/12/2025&ctry=USA,12-07-2025,https://www.equibase.com/static/chart/pdf/FAR071225USA.pdf
https://www.equibase.com/premium/eqpVchartBuy.cfm?mo=7&da=12&yr=2025&trackco=ALL;ALL&cl=Y,PRAIRIE MEADOWS,https://www.equibase.com/premium/eqbPDFChartPlusIndex.cfm?tid=PRM&dt=07/12/2025&ctry=USA,12-07-2025,https://www.equibase.com/static/chart/pdf/PRM071225USA.pdf
https://www.equibase.com/premium/eqpVchartBuy.cfm?mo=7&da=12&yr=2025&trackco=ALL;ALL&cl=Y,RETAMA PARK,https://www.equibase.com/premium/eqbPDFChartPlusIndex.cfm?tid=RET&dt=07/12/2025&ctry=USA,12-07-2025,https://www.equibase.com/static/chart/pdf/RET071225USA.pdf
https://www.equibase.com/premium/eqpVchartBuy.cfm?mo=7&da=12&yr=2025&trackco=ALL;ALL&cl=Y,RUIDOSO DOWNS,https://www.equibase.com/premium/eqbPDFChartPlusIndex.cfm?tid=RUI&dt=07/12/2025&ctry=USA,12-07-2025,https://www.equibase.com/static/chart/pdf/RUI071225USA.pdf
https://www.equibase.com/premium/eqpVchartBuy.cfm?mo=7&da=12&yr=2025&trackco=ALL;ALL&cl=Y,SARATOGA,https://www.equibase.com/premium/eqbPDFChartPlusIndex.cfm?tid=SAR&dt=07/12/2025&ctry=USA,12-07-2025,https://www.equibase.com/static/chart/pdf/SAR071225USA.pdf
https://www.equibase.com/premium/eqpVchartBuy.cfm?mo=7&da=12&yr=2025&trackco=ALL;ALL&cl=Y,WOODBINE,https://www.equibase.com/premium/eqbPDFChartPlusIndex.cfm?tid=WO&dt=07/12/2025&ctry=CAN,12-07-2025,https://www.equibase.com/static/chart/pdf/WO071225CAN.pdf
https://www.equibase.com/premium/eqpVchartBuy.cfm?mo=7&da=12&yr=2025&trackco=ALL;ALL&cl=Y,WYOMING DOWNS,https://www.equibase.com/premium/eqbPDFChartPlusIndex.cfm?tid=WYO&dt=07/12/2025&ctry=USA,12-07-2025,https://www.equibase.com/static/chart/pdf/WYO071225USA.pdf
https://www.equibase.com/premium/eqpVchartBuy.cfm?mo=7&da=13&yr=2025&trackco=ALL;ALL&cl=Y,CAMARERO RACE TRACK,https://www.equibase.com/premium/eqbPDFChartPlusIndex.cfm?tid=CMR&dt=07/13/2025&ctry=PR,13-07-2025,https://www.equibase.com/static/chart/pdf/CMR071325PR.pdf
https://www.equibase.com/premium/eqpVchartBuy.cfm?mo=7&da=13&yr=2025&trackco=ALL;ALL&cl=Y,CANTERBURY PARK,https://www.equibase.com/premium/eqbPDFChartPlusIndex.cfm?tid=CBY&dt=07/13/2025&ctry=USA,13-07-2025,https://www.equibase.com/static/chart/pdf/CBY071325USA.pdf
https://www.equibase.com/premium/eqpVchartBuy.cfm?mo=7&da=13&yr=2025&trackco=ALL;ALL&cl=Y,ELLIS PARK,https://www.equibase.com/premium/eqbPDFChartPlusIndex.cfm?tid=ELP&dt=07/13/2025&ctry=USA,13-07-2025,https://www.equibase.com/static/chart/pdf/ELP071325USA.pdf
https://www.equibase.com/premium/eqpVchartBuy.cfm?mo=7&da=13&yr=2025&trackco=ALL;ALL&cl=Y,EMERALD DOWNS,https://www.equibase.com/premium/eqbPDFChartPlusIndex.cfm?tid=EMD&dt=07/13/2025&ctry=USA,13-07-2025,https://www.equibase.com/static/chart/pdf/EMD071325USA.pdf
https://www.equibase.com/premium/eqpVchartBuy.cfm?mo=7&da=13&yr=2025&trackco=ALL;ALL&cl=Y,FORT ERIE,https://www.equibase.com/premium/eqbPDFChartPlusIndex.cfm?tid=FE&dt=07/13/2025&ctry=CAN,13-07-2025,https://www.equibase.com/static/chart/pdf/FE071325CAN.pdf
https://www.equibase.com/premium/eqpVchartBuy.cfm?mo=7&da=13&yr=2025&trackco=ALL;ALL&cl=Y,GRANDE PRAIRIE,https://www.equibase.com/premium/eqbPDFChartPlusIndex.cfm?tid=GPR&dt=07/13/2025&ctry=CAN,13-07-2025,https://www.equibase.com/static/chart/pdf/GPR071325CAN.pdf
https://www.equibase.com/premium/eqpVchartBuy.cfm?mo=7&da=13&yr=2025&trackco=ALL;ALL&cl=Y,GREAT FALLS,https://www.equibase.com/premium/eqbPDFChartPlusIndex.cfm?tid=GF&dt=07/13/2025&ctry=USA,13-07-2025,https://www.equibase.com/static/chart/pdf/GF071325USA.pdf
https://www.equibase.com/premium/eqpVchartBuy.cfm?mo=7&da=13&yr=2025&trackco=ALL;ALL&cl=Y,GULFSTREAM PARK,https://www.equibase.com/premium/eqbPDFChartPlusIndex.cfm?tid=GP&dt=07/13/2025&ctry=USA,13-07-2025,https://www.equibase.com/static/chart/pdf/GP071325USA.pdf
https://www.equibase.com/premium/eqpVchartBuy.cfm?mo=7&da=13&yr=2025&trackco=ALL;ALL&cl=Y,HARRAH'S COLUMBUS NEBRASKA,https://www.equibase.com/premium/eqbPDFChartPlusIndex.cfm?tid=HCN&dt=07/13/2025&ctry=USA,13-07-2025,https://www.equibase.com/static/chart/pdf/HCN071325USA.pdf
https://www.equibase.com/premium/eqpVchartBuy.cfm?mo=7&da=13&yr=2025&trackco=ALL;ALL&cl=Y,HAWTHORNE,https://www.equibase.com/premium/eqbPDFChartPlusIndex.cfm?tid=HAW&dt=07/13/2025&ctry=USA,13-07-2025,https://www.equibase.com/static/chart/pdf/HAW071325USA.pdf
https://www.equibase.com/premium/eqpVchartBuy.cfm?mo=7&da=13&yr=2025&trackco=ALL;ALL&cl=Y,LONE STAR PARK,https://www.equibase.com/premium/eqbPDFChartPlusIndex.cfm?tid=LS&dt=07/13/2025&ctry=USA,13-07-2025,https://www.equibase.com/static/chart/pdf/LS071325USA.pdf
https://www.equibase.com/premium/eqpVchartBuy.cfm?mo=7&da=13&yr=2025&trackco=ALL;ALL&cl=Y,LOS ALAMITOS,https://www.equibase.com/premium/eqbPDFChartPlusIndex.cfm?tid=LA&dt=07/13/2025&ctry=USA,13-07-2025,https://www.equibase.com/static/chart/pdf/LA071325USA.pdf
https://www.equibase.com/premium/eqpVchartBuy.cfm?mo=7&da=13&yr=2025&trackco=ALL;ALL&cl=Y,MONMOUTH PARK,https://www.equibase.com/premium/eqbPDFChartPlusIndex.cfm?tid=MTH&dt=07/13/2025&ctry=USA,13-07-2025,https://www.equibase.com/static/chart/pdf/MTH071325USA.pdf
https://www.equibase.com/premium/eqpVchartBuy.cfm?mo=7&da=13&yr=2025&trackco=ALL;ALL&cl=Y,MOUNTAINEER CASINO RACETRACK & RESORT,https://www.equibase.com/premium/eqbPDFChartPlusIndex.cfm?tid=MNR&dt=07/13/2025&ctry=USA,13-07-2025,https://www.equibase.com/static/chart/pdf/MNR071325USA.pdf
https://www.equibase.com/premium/eqpVchartBuy.cfm?mo=7&da=13&yr=2025&trackco=ALL;ALL&cl=Y,NORTH DAKOTA HORSE PARK,https://www.equibase.com/premium/eqbPDFChartPlusIndex.cfm?tid=FAR&dt=07/13/2025&ctry=USA,13-07-2025,https://www.equibase.com/static/chart/pdf/FAR071325USA.pdf
https://www.equibase.com/premium/eqpVchartBuy.cfm?mo=7&da=13&yr=2025&trackco=ALL;ALL&cl=Y,PRAIRIE MEADOWS,https://www.equibase.com/premium/eqbPDFChartPlusIndex.cfm?tid=PRM&dt=07/13/2025&ctry=USA,13-07-2025,https://www.equibase.com/static/chart/pdf/PRM071325USA.pdf
https://www.equibase.com/premium/eqpVchartBuy.cfm?mo=7&da=13&yr=2025&trackco=ALL;ALL&cl=Y,RUIDOSO DOWNS,https://www.equibase.com/premium/eqbPDFChartPlusIndex.cfm?tid=RUI&dt=07/13/2025&ctry=USA,13-07-2025,https://www.equibase.com/static/chart/pdf/RUI071325USA.pdf
https://www.equibase.com/premium/eqpVchartBuy.cfm?mo=7&da=13&yr=2025&trackco=ALL;ALL&cl=Y,SARATOGA,https://www.equibase.com/premium/eqbPDFChartPlusIndex.cfm?tid=SAR&dt=07/13/2025&ctry=USA,13-07-2025,https://www.equibase.com/static/chart/pdf/SAR071325USA.pdf
https://www.equibase.com/premium/eqpVchartBuy.cfm?mo=7&da=13&yr=2025&trackco=ALL;ALL&cl=Y,WOODBINE,https://www.equibase.com/premium/eqbPDFChartPlusIndex.cfm?tid=WO&dt=07/13/2025&ctry=CAN,13-07-2025,https://www.equibase.com/static/chart/pdf/WO071325CAN.pdf
https://www.equibase.com/premium/eqpVchartBuy.cfm?mo=7&da=13&yr=2025&trackco=ALL;ALL&cl=Y,WYOMING DOWNS,https://www.equibase.com/premium/eqbPDFChartPlusIndex.cfm?tid=WYO&dt=07/13/2025&ctry=USA,13-07-2025,https://www.equibase.com/static/chart/pdf/WYO071325USA.pdf
https://www.equibase.com/premium/eqpVchartBuy.cfm?mo=7&da=14&yr=2025&trackco=ALL;ALL&cl=Y,ASSINIBOIA DOWNS,https://www.equibase.com/premium/eqbPDFChartPlusIndex.cfm?tid=ASD&dt=07/14/2025&ctry=CAN,14-07-2025,https://www.equibase.com/static/chart/pdf/ASD071425CAN.pdf
https://www.equibase.com/premium/eqpVchartBuy.cfm?mo=7&da=14&yr=2025&trackco=ALL;ALL&cl=Y,ELLIS PARK,https://www.equibase.com/premium/eqbPDFChartPlusIndex.cfm?tid=ELP&dt=07/14/2025&ctry=USA,14-07-2025,https://www.equibase.com/static/chart/pdf/ELP071425USA.pdf
https://www.equibase.com/premium/eqpVchartBuy.cfm?mo=7&da=14&yr=2025&trackco=ALL;ALL&cl=Y,FINGER LAKES,https://www.equibase.com/premium/eqbPDFChartPlusIndex.cfm?tid=FL&dt=07/14/2025&ctry=USA,14-07-2025,https://www.equibase.com/static/chart/pdf/FL071425USA.pdf
https://www.equibase.com/premium/eqpVchartBuy.cfm?mo=7&da=14&yr=2025&trackco=ALL;ALL&cl=Y,FORT ERIE,https://www.equibase.com/premium/eqbPDFChartPlusIndex.cfm?tid=FE&dt=07/14/2025&ctry=CAN,14-07-2025,https://www.equibase.com/static/chart/pdf/FE071425CAN.pdf
https://www.equibase.com/premium/eqpVchartBuy.cfm?mo=7&da=14&yr=2025&trackco=ALL;ALL&cl=Y,HORSESHOE INDIANAPOLIS,https://www.equibase.com/premium/eqbPDFChartPlusIndex.cfm?tid=IND&dt=07/14/2025&ctry=USA,14-07-2025,https://www.equibase.com/static/chart/pdf/IND071425USA.pdf
https://www.equibase.com/premium/eqpVchartBuy.cfm?mo=7&da=14&yr=2025&trackco=ALL;ALL&cl=Y,LOUISIANA DOWNS,https://www.equibase.com/premium/eqbPDFChartPlusIndex.cfm?tid=LAD&dt=07/14/2025&ctry=USA,14-07-2025,https://www.equibase.com/static/chart/pdf/LAD071425USA.pdf
https://www.equibase.com/premium/eqpVchartBuy.cfm?mo=7&da=14&yr=2025&trackco=ALL;ALL&cl=Y,MOUNTAINEER CASINO RACETRACK & RESORT,https://www.equibase.com/premium/eqbPDFChartPlusIndex.cfm?tid=MNR&dt=07/14/2025&ctry=USA,14-07-2025,https://www.equibase.com/static/chart/pdf/MNR071425USA.pdf
https://www.equibase.com/premium/eqpVchartBuy.cfm?mo=7&da=14&yr=2025&trackco=ALL;ALL&cl=Y,PARX RACING,https://www.equibase.com/premium/eqbPDFChartPlusIndex.cfm?tid=PRX&dt=07/14/2025&ctry=USA,14-07-2025,https://www.equibase.com/static/chart/pdf/PRX071425USA.pdf
https://www.equibase.com/premium/eqpVchartBuy.cfm?mo=7&da=14&yr=2025&trackco=ALL;ALL&cl=Y,PRAIRIE MEADOWS,https://www.equibase.com/premium/eqbPDFChartPlusIndex.cfm?tid=PRM&dt=07/14/2025&ctry=USA,14-07-2025,https://www.equibase.com/static/chart/pdf/PRM071425USA.pdf
https://www.equibase.com/premium/eqpVchartBuy.cfm?mo=7&da=14&yr=2025&trackco=ALL;ALL&cl=Y,PRESQUE ISLE DOWNS,https://www.equibase.com/premium/eqbPDFChartPlusIndex.cfm?tid=PID&dt=07/14/2025&ctry=USA,14-07-2025,https://www.equibase.com/static/chart/pdf/PID071425USA.pdf
https://www.equibase.com/premium/eqpVchartBuy.cfm?mo=7&da=14&yr=2025&trackco=ALL;ALL&cl=Y,THISTLEDOWN,https://www.equibase.com/premium/eqbPDFChartPlusIndex.cfm?tid=TDN&dt=07/14/2025&ctry=USA,14-07-2025,https://www.equibase.com/static/chart/pdf/TDN071425USA.pdf
https://www.equibase.com/premium/eqpVchartBuy.cfm?mo=7&da=15&yr=2025&trackco=ALL;ALL&cl=Y,ASSINIBOIA DOWNS,https://www.equibase.com/premium/eqbPDFChartPlusIndex.cfm?tid=ASD&dt=07/15/2025&ctry=CAN,15-07-2025,https://www.equibase.com/static/chart/pdf/ASD071525CAN.pdf
https://www.equibase.com/premium/eqpVchartBuy.cfm?mo=7&da=15&yr=2025&trackco=ALL;ALL&cl=Y,FAIRMOUNT PARK,https://www.equibase.com/premium/eqbPDFChartPlusIndex.cfm?tid=FP&dt=07/15/2025&ctry=USA,15-07-2025,https://www.equibase.com/static/chart/pdf/FP071525USA.pdf
https://www.equibase.com/premium/eqpVchartBuy.cfm?mo=7&da=15&yr=2025&trackco=ALL;ALL&cl=Y,FINGER LAKES,https://www.equibase.com/premium/eqbPDFChartPlusIndex.cfm?tid=FL&dt=07/15/2025&ctry=USA,15-07-2025,https://www.equibase.com/static/chart/pdf/FL071525USA.pdf
https://www.equibase.com/premium/eqpVchartBuy.cfm?mo=7&da=15&yr=2025&trackco=ALL;ALL&cl=Y,HORSESHOE INDIANAPOLIS,https://www.equibase.com/premium/eqbPDFChartPlusIndex.cfm?tid=IND&dt=07/15/2025&ctry=USA,15-07-2025,https://www.equibase.com/static/chart/pdf/IND071525USA.pdf
https://www.equibase.com/premium/eqpVchartBuy.cfm?mo=7&da=15&yr=2025&trackco=ALL;ALL&cl=Y,LOUISIANA DOWNS,https://www.equibase.com/premium/eqbPDFChartPlusIndex.cfm?tid=LAD&dt=07/15/2025&ctry=USA,15-07-2025,https://www.equibase.com/static/chart/pdf/LAD071525USA.pdf
https://www.equibase.com/premium/eqpVchartBuy.cfm?mo=7&da=15&yr=2025&trackco=ALL;ALL&cl=Y,MOUNTAINEER CASINO RACETRACK & RESORT,https://www.equibase.com/premium/eqbPDFChartPlusIndex.cfm?tid=MNR&dt=07/15/2025&ctry=USA,15-07-2025,https://www.equibase.com/static/chart/pdf/MNR071525USA.pdf
https://www.equibase.com/premium/eqpVchartBuy.cfm?mo=7&da=15&yr=2025&trackco=ALL;ALL&cl=Y,PARX RACING,https://www.equibase.com/premium/eqbPDFChartPlusIndex.cfm?tid=PRX&dt=07/15/2025&ctry=USA,15-07-2025,https://www.equibase.com/static/chart/pdf/PRX071525USA.pdf
https://www.equibase.com/premium/eqpVchartBuy.cfm?mo=7&da=15&yr=2025&trackco=ALL;ALL&cl=Y,PRESQUE ISLE DOWNS,https://www.equibase.com/premium/eqbPDFChartPlusIndex.cfm?tid=PID&dt=07/15/2025&ctry=USA,15-07-2025,https://www.equibase.com/static/chart/pdf/PID071525USA.pdf
https://www.equibase.com/premium/eqpVchartBuy.cfm?mo=7&da=15&yr=2025&trackco=ALL;ALL&cl=Y,THISTLEDOWN,https://www.equibase.com/premium/eqbPDFChartPlusIndex.cfm?tid=TDN&dt=07/15/2025&ctry=USA,15-07-2025,https://www.equibase.com/static/chart/pdf/TDN071525USA.pdf
https://www.equibase.com/premium/eqpVchartBuy.cfm?mo=7&da=16&yr=2025&trackco=ALL;ALL&cl=Y,AJAX DOWNS,https://www.equibase.com/premium/eqbPDFChartPlusIndex.cfm?tid=AJX&dt=07/16/2025&ctry=CAN,16-07-2025,https://www.equibase.com/static/chart/pdf/AJX071625CAN.pdf
https://www.equibase.com/premium/eqpVchartBuy.cfm?mo=7&da=16&yr=2025&trackco=ALL;ALL&cl=Y,ASSINIBOIA DOWNS,https://www.equibase.com/premium/eqbPDFChartPlusIndex.cfm?tid=ASD&dt=07/16/2025&ctry=CAN,16-07-2025,https://www.equibase.com/static/chart/pdf/ASD071625CAN.pdf
https://www.equibase.com/premium/eqpVchartBuy.cfm?mo=7&da=16&yr=2025&trackco=ALL;ALL&cl=Y,BELTERRA PARK,https://www.equibase.com/premium/eqbPDFChartPlusIndex.cfm?tid=BTP&dt=07/16/2025&ctry=USA,16-07-2025,https://www.equibase.com/static/chart/pdf/BTP071625USA.pdf
https://www.equibase.com/premium/eqpVchartBuy.cfm?mo=7&da=16&yr=2025&trackco=ALL;ALL&cl=Y,COLONIAL DOWNS,https://www.equibase.com/premium/eqbPDFChartPlusIndex.cfm?tid=CNL&dt=07/16/2025&ctry=USA,16-07-2025,https://www.equibase.com/static/chart/pdf/CNL071625USA.pdf
https://www.equibase.com/premium/eqpVchartBuy.cfm?mo=7&da=16&yr=2025&trackco=ALL;ALL&cl=Y,DELAWARE PARK,https://www.equibase.com/premium/eqbPDFChartPlusIndex.cfm?tid=DEL&dt=07/16/2025&ctry=USA,16-07-2025,https://www.equibase.com/static/chart/pdf/DEL071625USA.pdf
https://www.equibase.com/premium/eqpVchartBuy.cfm?mo=7&da=16&yr=2025&trackco=ALL;ALL&cl=Y,FAIR MEADOWS,https://www.equibase.com/premium/eqbPDFChartPlusIndex.cfm?tid=FMT&dt=07/16/2025&ctry=USA,16-07-2025,https://www.equibase.com/static/chart/pdf/FMT071625USA.pdf
https://www.equibase.com/premium/eqpVchartBuy.cfm?mo=7&da=16&yr=2025&trackco=ALL;ALL&cl=Y,FINGER LAKES,https://www.equibase.com/premium/eqbPDFChartPlusIndex.cfm?tid=FL&dt=07/16/2025&ctry=USA,16-07-2025,https://www.equibase.com/static/chart/pdf/FL071625USA.pdf
https://www.equibase.com/premium/eqpVchartBuy.cfm?mo=7&da=16&yr=2025&trackco=ALL;ALL&cl=Y,HORSESHOE INDIANAPOLIS,https://www.equibase.com/premium/eqbPDFChartPlusIndex.cfm?tid=IND&dt=07/16/2025&ctry=USA,16-07-2025,https://www.equibase.com/static/chart/pdf/IND071625USA.pdf
https://www.equibase.com/premium/eqpVchartBuy.cfm?mo=7&da=16&yr=2025&trackco=ALL;ALL&cl=Y,LOUISIANA DOWNS,https://www.equibase.com/premium/eqbPDFChartPlusIndex.cfm?tid=LAD&dt=07/16/2025&ctry=USA,16-07-2025,https://www.equibase.com/static/chart/pdf/LAD071625USA.pdf
https://www.equibase.com/premium/eqpVchartBuy.cfm?mo=7&da=16&yr=2025&trackco=ALL;ALL&cl=Y,MOUNTAINEER CASINO RACETRACK & RESORT,https://www.equibase.com/premium/eqbPDFChartPlusIndex.cfm?tid=MNR&dt=07/16/2025&ctry=USA,16-07-2025,https://www.equibase.com/static/chart/pdf/MNR071625USA.pdf
https://www.equibase.com/premium/eqpVchartBuy.cfm?mo=7&da=16&yr=2025&trackco=ALL;ALL&cl=Y,PARX RACING,https://www.equibase.com/premium/eqbPDFChartPlusIndex.cfm?tid=PRX&dt=07/16/2025&ctry=USA,16-07-2025,https://www.equibase.com/static/chart/pdf/PRX071625USA.pdf
https://www.equibase.com/premium/eqpVchartBuy.cfm?mo=7&da=16&yr=2025&trackco=ALL;ALL&cl=Y,PENN NATIONAL,https://www.equibase.com/premium/eqbPDFChartPlusIndex.cfm?tid=PEN&dt=07/16/2025&ctry=USA,16-07-2025,https://www.equibase.com/static/chart/pdf/PEN071625USA.pdf
https://www.equibase.com/premium/eqpVchartBuy.cfm?mo=7&da=16&yr=2025&trackco=ALL;ALL&cl=Y,PRESQUE ISLE DOWNS,https://www.equibase.com/premium/eqbPDFChartPlusIndex.cfm?tid=PID&dt=07/16/2025&ctry=USA,16-07-2025,https://www.equibase.com/static/chart/pdf/PID071625USA.pdf
https://www.equibase.com/premium/eqpVchartBuy.cfm?mo=7&da=16&yr=2025&trackco=ALL;ALL&cl=Y,RETAMA PARK,https://www.equibase.com/premium/eqbPDFChartPlusIndex.cfm?tid=RET&dt=07/16/2025&ctry=USA,16-07-2025,https://www.equibase.com/static/chart/pdf/RET071625USA.pdf
https://www.equibase.com/premium/eqpVchartBuy.cfm?mo=7&da=16&yr=2025&trackco=ALL;ALL&cl=Y,SARATOGA,https://www.equibase.com/premium/eqbPDFChartPlusIndex.cfm?tid=SAR&dt=07/16/2025&ctry=USA,16-07-2025,https://www.equibase.com/static/chart/pdf/SAR071625USA.pdf
https://www.equibase.com/premium/eqpVchartBuy.cfm?mo=7&da=16&yr=2025&trackco=ALL;ALL&cl=Y,THISTLEDOWN,https://www.equibase.com/premium/eqbPDFChartPlusIndex.cfm?tid=TDN&dt=07/16/2025&ctry=USA,16-07-2025,https://www.equibase.com/static/chart/pdf/TDN071625USA.pdf
https://www.equibase.com/premium/eqpVchartBuy.cfm?mo=7&da=17&yr=2025&trackco=ALL;ALL&cl=Y,BELTERRA PARK,https://www.equibase.com/premium/eqbPDFChartPlusIndex.cfm?tid=BTP&dt=07/17/2025&ctry=USA,17-07-2025,https://www.equibase.com/static/chart/pdf/BTP071725USA.pdf
https://www.equibase.com/premium/eqpVchartBuy.cfm?mo=7&da=17&yr=2025&trackco=ALL;ALL&cl=Y,CAMARERO RACE TRACK,https://www.equibase.com/premium/eqbPDFChartPlusIndex.cfm?tid=CMR&dt=07/17/2025&ctry=PR,17-07-2025,https://www.equibase.com/static/chart/pdf/CMR071725PR.pdf
https://www.equibase.com/premium/eqpVchartBuy.cfm?mo=7&da=17&yr=2025&trackco=ALL;ALL&cl=Y,COLONIAL DOWNS,https://www.equibase.com/premium/eqbPDFChartPlusIndex.cfm?tid=CNL&dt=07/17/2025&ctry=USA,17-07-2025,https://www.equibase.com/static/chart/pdf/CNL071725USA.pdf
https://www.equibase.com/premium/eqpVchartBuy.cfm?mo=7&da=17&yr=2025&trackco=ALL;ALL&cl=Y,DELAWARE PARK,https://www.equibase.com/premium/eqbPDFChartPlusIndex.cfm?tid=DEL&dt=07/17/2025&ctry=USA,17-07-2025,https://www.equibase.com/static/chart/pdf/DEL071725USA.pdf
https://www.equibase.com/premium/eqpVchartBuy.cfm?mo=7&da=17&yr=2025&trackco=ALL;ALL&cl=Y,EVANGELINE DOWNS,https://www.equibase.com/premium/eqbPDFChartPlusIndex.cfm?tid=EVD&dt=07/17/2025&ctry=USA,17-07-2025,https://www.equibase.com/static/chart/pdf/EVD071725USA.pdf
https://www.equibase.com/premium/eqpVchartBuy.cfm?mo=7&da=17&yr=2025&trackco=ALL;ALL&cl=Y,FAIR MEADOWS,https://www.equibase.com/premium/eqbPDFChartPlusIndex.cfm?tid=FMT&dt=07/17/2025&ctry=USA,17-07-2025,https://www.equibase.com/static/chart/pdf/FMT071725USA.pdf
https://www.equibase.com/premium/eqpVchartBuy.cfm?mo=7&da=17&yr=2025&trackco=ALL;ALL&cl=Y,HAWTHORNE,https://www.equibase.com/premium/eqbPDFChartPlusIndex.cfm?tid=HAW&dt=07/17/2025&ctry=USA,17-07-2025,https://www.equibase.com/static/chart/pdf/HAW071725USA.pdf
https://www.equibase.com/premium/eqpVchartBuy.cfm?mo=7&da=17&yr=2025&trackco=ALL;ALL&cl=Y,HOLLYWOOD CASINO AT CHARLES TOWN RACES,https://www.equibase.com/premium/eqbPDFChartPlusIndex.cfm?tid=CT&dt=07/17/2025&ctry=USA,17-07-2025,https://www.equibase.com/static/chart/pdf/CT071725USA.pdf
https://www.equibase.com/premium/eqpVchartBuy.cfm?mo=7&da=17&yr=2025&trackco=ALL;ALL&cl=Y,HORSESHOE INDIANAPOLIS,https://www.equibase.com/premium/eqbPDFChartPlusIndex.cfm?tid=IND&dt=07/17/2025&ctry=USA,17-07-2025,https://www.equibase.com/static/chart/pdf/IND071725USA.pdf
https://www.equibase.com/premium/eqpVchartBuy.cfm?mo=7&da=17&yr=2025&trackco=ALL;ALL&cl=Y,PENN NATIONAL,https://www.equibase.com/premium/eqbPDFChartPlusIndex.cfm?tid=PEN&dt=07/17/2025&ctry=USA,17-07-2025,https://www.equibase.com/static/chart/pdf/PEN071725USA.pdf
https://www.equibase.com/premium/eqpVchartBuy.cfm?mo=7&da=17&yr=2025&trackco=ALL;ALL&cl=Y,RETAMA PARK,https://www.equibase.com/premium/eqbPDFChartPlusIndex.cfm?tid=RET&dt=07/17/2025&ctry=USA,17-07-2025,https://www.equibase.com/static/chart/pdf/RET071725USA.pdf
https://www.equibase.com/premium/eqpVchartBuy.cfm?mo=7&da=17&yr=2025&trackco=ALL;ALL&cl=Y,SARATOGA,https://www.equibase.com/premium/eqbPDFChartPlusIndex.cfm?tid=SAR&dt=07/17/2025&ctry=USA,17-07-2025,https://www.equibase.com/static/chart/pdf/SAR071725USA.pdf
https://www.equibase.com/premium/eqpVchartBuy.cfm?mo=7&da=17&yr=2025&trackco=ALL;ALL&cl=Y,THISTLEDOWN,https://www.equibase.com/premium/eqbPDFChartPlusIndex.cfm?tid=TDN&dt=07/17/2025&ctry=USA,17-07-2025,https://www.equibase.com/static/chart/pdf/TDN071725USA.pdf
https://www.equibase.com/premium/eqpVchartBuy.cfm?mo=7&da=17&yr=2025&trackco=ALL;ALL&cl=Y,WOODBINE,https://www.equibase.com/premium/eqbPDFChartPlusIndex.cfm?tid=WO&dt=07/17/2025&ctry=CAN,17-07-2025,https://www.equibase.com/static/chart/pdf/WO071725CAN.pdf
https://www.equibase.com/premium/eqpVchartBuy.cfm?mo=7&da=18&yr=2025&trackco=ALL;ALL&cl=Y,BELTERRA PARK,https://www.equibase.com/premium/eqbPDFChartPlusIndex.cfm?tid=BTP&dt=07/18/2025&ctry=USA,18-07-2025,https://www.equibase.com/static/chart/pdf/BTP071825USA.pdf
https://www.equibase.com/premium/eqpVchartBuy.cfm?mo=7&da=18&yr=2025&trackco=ALL;ALL&cl=Y,CENTURY MILE,https://www.equibase.com/premium/eqbPDFChartPlusIndex.cfm?tid=CTM&dt=07/18/2025&ctry=CAN,18-07-2025,https://www.equibase.com/static/chart/pdf/CTM071825CAN.pdf
https://www.equibase.com/premium/eqpVchartBuy.cfm?mo=7&da=18&yr=2025&trackco=ALL;ALL&cl=Y,COLONIAL DOWNS,https://www.equibase.com/premium/eqbPDFChartPlusIndex.cfm?tid=CNL&dt=07/18/2025&ctry=USA,18-07-2025,https://www.equibase.com/static/chart/pdf/CNL071825USA.pdf
https://www.equibase.com/premium/eqpVchartBuy.cfm?mo=7&da=18&yr=2025&trackco=ALL;ALL&cl=Y,DEL MAR,https://www.equibase.com/premium/eqbPDFChartPlusIndex.cfm?tid=DMR&dt=07/18/2025&ctry=USA,18-07-2025,https://www.equibase.com/static/chart/pdf/DMR071825USA.pdf
https://www.equibase.com/premium/eqpVchartBuy.cfm?mo=7&da=18&yr=2025&trackco=ALL;ALL&cl=Y,DELAWARE PARK,https://www.equibase.com/premium/eqbPDFChartPlusIndex.cfm?tid=DEL&dt=07/18/2025&ctry=USA,18-07-2025,https://www.equibase.com/static/chart/pdf/DEL071825USA.pdf
https://www.equibase.com/premium/eqpVchartBuy.cfm?mo=7&da=18&yr=2025&trackco=ALL;ALL&cl=Y,EMERALD DOWNS,https://www.equibase.com/premium/eqbPDFChartPlusIndex.cfm?tid=EMD&dt=07/18/2025&ctry=USA,18-07-2025,https://www.equibase.com/static/chart/pdf/EMD071825USA.pdf
https://www.equibase.com/premium/eqpVchartBuy.cfm?mo=7&da=18&yr=2025&trackco=ALL;ALL&cl=Y,EVANGELINE DOWNS,https://www.equibase.com/premium/eqbPDFChartPlusIndex.cfm?tid=EVD&dt=07/18/2025&ctry=USA,18-07-2025,https://www.equibase.com/static/chart/pdf/EVD071825USA.pdf
https://www.equibase.com/premium/eqpVchartBuy.cfm?mo=7&da=18&yr=2025&trackco=ALL;ALL&cl=Y,FAIR MEADOWS,https://www.equibase.com/premium/eqbPDFChartPlusIndex.cfm?tid=FMT&dt=07/18/2025&ctry=USA,18-07-2025,https://www.equibase.com/static/chart/pdf/FMT071825USA.pdf
https://www.equibase.com/premium/eqpVchartBuy.cfm?mo=7&da=18&yr=2025&trackco=ALL;ALL&cl=Y,GULFSTREAM PARK,https://www.equibase.com/premium/eqbPDFChartPlusIndex.cfm?tid=GP&dt=07/18/2025&ctry=USA,18-07-2025,https://www.equibase.com/static/chart/pdf/GP071825USA.pdf
https://www.equibase.com/premium/eqpVchartBuy.cfm?mo=7&da=18&yr=2025&trackco=ALL;ALL&cl=Y,HOLLYWOOD CASINO AT CHARLES TOWN RACES,https://www.equibase.com/premium/eqbPDFChartPlusIndex.cfm?tid=CT&dt=07/18/2025&ctry=USA,18-07-2025,https://www.equibase.com/static/chart/pdf/CT071825USA.pdf
https://www.equibase.com/premium/eqpVchartBuy.cfm?mo=7&da=18&yr=2025&trackco=ALL;ALL&cl=Y,HORSEMEN'S PARK,https://www.equibase.com/premium/eqbPDFChartPlusIndex.cfm?tid=HPO&dt=07/18/2025&ctry=USA,18-07-2025,https://www.equibase.com/static/chart/pdf/HPO071825USA.pdf
https://www.equibase.com/premium/eqpVchartBuy.cfm?mo=7&da=18&yr=2025&trackco=ALL;ALL&cl=Y,MONMOUTH PARK,https://www.equibase.com/premium/eqbPDFChartPlusIndex.cfm?tid=MTH&dt=07/18/2025&ctry=USA,18-07-2025,https://www.equibase.com/static/chart/pdf/MTH071825USA.pdf
https://www.equibase.com/premium/eqpVchartBuy.cfm?mo=7&da=18&yr=2025&trackco=ALL;ALL&cl=Y,NORTH DAKOTA HORSE PARK,https://www.equibase.com/premium/eqbPDFChartPlusIndex.cfm?tid=FAR&dt=07/18/2025&ctry=USA,18-07-2025,https://www.equibase.com/static/chart/pdf/FAR071825USA.pdf
https://www.equibase.com/premium/eqpVchartBuy.cfm?mo=7&da=18&yr=2025&trackco=ALL;ALL&cl=Y,PENN NATIONAL,https://www.equibase.com/premium/eqbPDFChartPlusIndex.cfm?tid=PEN&dt=07/18/2025&ctry=USA,18-07-2025,https://www.equibase.com/static/chart/pdf/PEN071825USA.pdf
https://www.equibase.com/premium/eqpVchartBuy.cfm?mo=7&da=18&yr=2025&trackco=ALL;ALL&cl=Y,PRAIRIE MEADOWS,https://www.equibase.com/premium/eqbPDFChartPlusIndex.cfm?tid=PRM&dt=07/18/2025&ctry=USA,18-07-2025,https://www.equibase.com/static/chart/pdf/PRM071825USA.pdf
https://www.equibase.com/premium/eqpVchartBuy.cfm?mo=7&da=18&yr=2025&trackco=ALL;ALL&cl=Y,RETAMA PARK,https://www.equibase.com/premium/eqbPDFChartPlusIndex.cfm?tid=RET&dt=07/18/2025&ctry=USA,18-07-2025,https://www.equibase.com/static/chart/pdf/RET071825USA.pdf
https://www.equibase.com/premium/eqpVchartBuy.cfm?mo=7&da=18&yr=2025&trackco=ALL;ALL&cl=Y,SARATOGA,https://www.equibase.com/premium/eqbPDFChartPlusIndex.cfm?tid=SAR&dt=07/18/2025&ctry=USA,18-07-2025,https://www.equibase.com/static/chart/pdf/SAR071825USA.pdf
https://www.equibase.com/premium/eqpVchartBuy.cfm?mo=7&da=18&yr=2025&trackco=ALL;ALL&cl=Y,WOODBINE,https://www.equibase.com/premium/eqbPDFChartPlusIndex.cfm?tid=WO&dt=07/18/2025&ctry=CAN,18-07-2025,https://www.equibase.com/static/chart/pdf/WO071825CAN.pdf
https://www.equibase.com/premium/eqpVchartBuy.cfm?mo=7&da=18&yr=2025&trackco=ALL;ALL&cl=Y,WYOMING DOWNS,https://www.equibase.com/premium/eqbPDFChartPlusIndex.cfm?tid=WYO&dt=07/18/2025&ctry=USA,18-07-2025,https://www.equibase.com/static/chart/pdf/WYO071825USA.pdf
